"","tmp_iid","cap_num","tot_caps","siteID","plotID","tagID","year","eventID","date","prev_cap_days","ecap","taxonID","sex_male","sex_mature","weight","male_prop","mature_prop","PELE_prop","weight_sd"
"1",10468,1,38,"ORNL","ORNL_001","D07.R1598",2016,"ORNL.2016.18",2016-05-04,NA,"N","PELE",1,0,20,1,0.29,0.71,2.5
"2",10468,2,38,"ORNL","ORNL_001","D07.R1598",2016,"ORNL.2016.22",2016-06-01,28,"Y","PELE",1,0,20,1,0.29,0.71,2.5
"3",10468,3,38,"ORNL","ORNL_001","D07.R1598",2016,"ORNL.2016.22",2016-06-02,1,"Y","PELE",1,0,18,1,0.29,0.71,2.5
"4",10468,4,38,"ORNL","ORNL_001","D07.R1598",2016,"ORNL.2016.22",2016-06-03,1,"Y","PELE",1,0,18,1,0.29,0.71,2.5
"5",10468,5,38,"ORNL","ORNL_001","D07.R1598",2016,"ORNL.2016.27",2016-07-06,33,"Y","PELE",1,0,19,1,0.29,0.71,2.5
"6",10468,6,38,"ORNL","ORNL_001","D07.R1598",2016,"ORNL.2016.27",2016-07-07,1,"Y","PELE",1,0,18,1,0.29,0.71,2.5
"7",10468,7,38,"ORNL","ORNL_001","D07.R1598",2016,"ORNL.2016.27",2016-07-08,1,"Y","PELE",1,0,19,1,0.29,0.71,2.5
"8",10468,8,38,"ORNL","ORNL_001","D07.R1598",2016,"ORNL.2016.30",2016-07-26,18,"Y","PELE",1,0,17,1,0.29,0.71,2.5
"9",10468,9,38,"ORNL","ORNL_001","D07.R1598",2016,"ORNL.2016.30",2016-07-27,1,"Y","PELE",1,1,19,1,0.29,0.71,2.5
"10",10468,10,38,"ORNL","ORNL_001","D07.R1598",2016,"ORNL.2016.30",2016-07-28,1,"Y","PELE",1,0,14,1,0.29,0.71,2.5
"11",10468,11,38,"ORNL","ORNL_001","D07.R1598",2016,"ORNL.2016.34",2016-08-23,26,"Y","PELE",1,1,22,1,0.29,0.71,2.5
"12",10468,12,38,"ORNL","ORNL_001","D07.R1598",2016,"ORNL.2016.34",2016-08-24,1,"Y","PELE",1,1,20,1,0.29,0.71,2.5
"13",10468,13,38,"ORNL","ORNL_001","D07.R1598",2016,"ORNL.2016.34",2016-08-25,1,"Y","PELE",1,1,21,1,0.29,0.71,2.5
"14",10468,14,38,"ORNL","ORNL_001","D07.R1598",2017,"ORNL.2017.17",2017-04-26,244,"Y","PEMA",1,0,22,1,0.29,0.71,2.5
"15",10468,15,38,"ORNL","ORNL_001","D07.R1598",2017,"ORNL.2017.17",2017-04-28,2,"Y","PELE",1,0,19,1,0.29,0.71,2.5
"16",10468,16,38,"ORNL","ORNL_001","D07.R1598",2017,"ORNL.2017.21",2017-05-24,26,"Y","PELE",1,0,22,1,0.29,0.71,2.5
"17",10468,17,38,"ORNL","ORNL_001","D07.R1598",2017,"ORNL.2017.21",2017-05-25,1,"Y","PELE",1,0,22,1,0.29,0.71,2.5
"18",10468,18,38,"ORNL","ORNL_001","D07.R1598",2017,"ORNL.2017.21",2017-05-26,1,"Y","PELE",1,0,20,1,0.29,0.71,2.5
"19",10468,19,38,"ORNL","ORNL_001","D07.R1598",2017,"ORNL.2017.25",2017-06-21,26,"Y","PELE",1,0,20,1,0.29,0.71,2.5
"20",10468,20,38,"ORNL","ORNL_001","D07.R1598",2017,"ORNL.2017.25",2017-06-22,1,"Y","PELE",1,0,20,1,0.29,0.71,2.5
"21",10468,21,38,"ORNL","ORNL_001","D07.R1598",2017,"ORNL.2017.25",2017-06-23,1,"Y","PELE",1,0,19,1,0.29,0.71,2.5
"22",10468,22,38,"ORNL","ORNL_001","D07.R1598",2017,"ORNL.2017.29",2017-07-18,25,"Y","PELE",1,0,22,1,0.29,0.71,2.5
"23",10468,23,38,"ORNL","ORNL_001","D07.R1598",2017,"ORNL.2017.29",2017-07-19,1,"Y","PELE",1,0,20,1,0.29,0.71,2.5
"24",10468,24,38,"ORNL","ORNL_001","D07.R1598",2017,"ORNL.2017.29",2017-07-20,1,"Y","PELE",1,0,20,1,0.29,0.71,2.5
"25",10468,25,38,"ORNL","ORNL_001","D07.R1598",2017,"ORNL.2017.33",2017-08-15,26,"Y","PEMA",1,1,24,1,0.29,0.71,2.5
"26",10468,26,38,"ORNL","ORNL_001","D07.R1598",2017,"ORNL.2017.33",2017-08-16,1,"Y","PELE",1,0,21,1,0.29,0.71,2.5
"27",10468,27,38,"ORNL","ORNL_001","D07.R1598",2017,"ORNL.2017.33",2017-08-17,1,"Y","PELE",1,0,21,1,0.29,0.71,2.5
"28",10468,28,38,"ORNL","ORNL_001","D07.R1598",2017,"ORNL.2017.42",2017-10-18,62,"Y","PELE",1,1,25,1,0.29,0.71,2.5
"29",10468,29,38,"ORNL","ORNL_001","D07.R1598",2017,"ORNL.2017.42",2017-10-19,1,"Y","PELE",1,0,25,1,0.29,0.71,2.5
"30",10468,30,38,"ORNL","ORNL_001","D07.R1598",2018,"ORNL.2018.15",2018-04-10,173,"Y","PEMA",1,0,23,1,0.29,0.71,2.5
"31",10468,31,38,"ORNL","ORNL_001","D07.R1598",2018,"ORNL.2018.15",2018-04-11,1,"Y","PEMA",1,0,21,1,0.29,0.71,2.5
"32",10468,32,38,"ORNL","ORNL_001","D07.R1598",2018,"ORNL.2018.15",2018-04-12,1,"Y","PEMA",1,0,20,1,0.29,0.71,2.5
"33",10468,33,38,"ORNL","ORNL_001","D07.R1598",2018,"ORNL.2018.19",2018-05-08,26,"Y","PEMA",1,1,23,1,0.29,0.71,2.5
"34",10468,34,38,"ORNL","ORNL_001","D07.R1598",2018,"ORNL.2018.19",2018-05-09,1,"Y","PEMA",1,1,17,1,0.29,0.71,2.5
"35",10468,35,38,"ORNL","ORNL_001","D07.R1598",2018,"ORNL.2018.19",2018-05-10,1,"Y","PEMA",1,0,23,1,0.29,0.71,2.5
"36",10468,36,38,"ORNL","ORNL_001","D07.R1598",2018,"ORNL.2018.24",2018-06-12,33,"Y","PEMA",1,1,18,1,0.29,0.71,2.5
"37",10468,37,38,"ORNL","ORNL_001","D07.R1598",2018,"ORNL.2018.24",2018-06-13,1,"Y","PEMA",1,1,18,1,0.29,0.71,2.5
"38",10468,38,38,"ORNL","ORNL_001","D07.R1598",2018,"ORNL.2018.24",2018-06-14,1,"Y","PEMA",1,1,14,1,0.29,0.71,2.5
"39",10546,1,27,"ORNL","ORNL_001","D07.R2206",2018,"ORNL.2018.19",2018-05-08,NA,"N","PEMA",0,0,19,0.04,0.33,0.96,8.08
"40",10546,2,27,"ORNL","ORNL_001","D07.R2206",2018,"ORNL.2018.19",2018-05-10,2,"Y","PELE",0,0,18,0.04,0.33,0.96,8.08
"41",10546,3,27,"ORNL","ORNL_001","D07.R2206",2018,"ORNL.2018.24",2018-06-12,33,"Y","PELE",0,0,13,0.04,0.33,0.96,8.08
"42",10546,4,27,"ORNL","ORNL_001","D07.R2206",2018,"ORNL.2018.24",2018-06-13,1,"Y","PELE",0,0,13,0.04,0.33,0.96,8.08
"43",10546,5,27,"ORNL","ORNL_001","D07.R2206",2018,"ORNL.2018.24",2018-06-14,1,"Y","PELE",0,0,14,0.04,0.33,0.96,8.08
"44",10546,6,27,"ORNL","ORNL_001","D07.R2206",2018,"ORNL.2018.28",2018-07-10,26,"Y","PELE",0,0,21,0.04,0.33,0.96,8.08
"45",10546,7,27,"ORNL","ORNL_001","D07.R2206",2018,"ORNL.2018.28",2018-07-11,1,"Y","PELE",0,0,20,0.04,0.33,0.96,8.08
"46",10546,8,27,"ORNL","ORNL_001","D07.R2206",2018,"ORNL.2018.36",2018-09-06,57,"Y","PELE",0,0,20,0.04,0.33,0.96,8.08
"47",10546,9,27,"ORNL","ORNL_001","D07.R2206",2018,"ORNL.2018.36",2018-09-07,1,"Y","PELE",0,0,20,0.04,0.33,0.96,8.08
"48",10546,10,27,"ORNL","ORNL_001","D07.R2206",2018,"ORNL.2018.40",2018-10-02,25,"Y","PELE",0,0,28,0.04,0.33,0.96,8.08
"49",10546,11,27,"ORNL","ORNL_001","D07.R2206",2018,"ORNL.2018.40",2018-10-04,2,"Y","PELE",0,0,27,0.04,0.33,0.96,8.08
"50",10546,12,27,"ORNL","ORNL_001","D07.R2206",2019,"ORNL.2019.14",2019-04-03,181,"Y","PELE",0,1,27,0.04,0.33,0.96,8.08
"51",10546,13,27,"ORNL","ORNL_001","D07.R2206",2019,"ORNL.2019.14",2019-04-04,1,"Y","PELE",0,1,24,0.04,0.33,0.96,8.08
"52",10546,14,27,"ORNL","ORNL_001","D07.R2206",2019,"ORNL.2019.14",2019-04-05,1,"Y","PELE",0,1,26,0.04,0.33,0.96,8.08
"53",10546,15,27,"ORNL","ORNL_001","D07.R2206",2019,"ORNL.2019.18",2019-04-30,25,"Y","PELE",0,1,NA,0.04,0.33,0.96,8.08
"54",10546,16,27,"ORNL","ORNL_001","D07.R2206",2019,"ORNL.2019.18",2019-05-01,1,"Y","PELE",0,1,26,0.04,0.33,0.96,8.08
"55",10546,17,27,"ORNL","ORNL_001","D07.R2206",2019,"ORNL.2019.18",2019-05-02,1,"Y","PELE",1,0,23,0.04,0.33,0.96,8.08
"56",10546,18,27,"ORNL","ORNL_001","D07.R2206",2019,"ORNL.2019.31",2019-07-31,90,"Y","PELE",0,0,23,0.04,0.33,0.96,8.08
"57",10546,19,27,"ORNL","ORNL_001","D07.R2206",2019,"ORNL.2019.31",2019-08-01,1,"Y","PELE",0,0,22,0.04,0.33,0.96,8.08
"58",10546,20,27,"ORNL","ORNL_001","D07.R2206",2019,"ORNL.2019.31",2019-08-02,1,"Y","PELE",0,0,24,0.04,0.33,0.96,8.08
"59",10546,21,27,"ORNL","ORNL_001","D07.R2206",2019,"ORNL.2019.35",2019-08-28,26,"Y","PELE",0,0,25,0.04,0.33,0.96,8.08
"60",10546,22,27,"ORNL","ORNL_001","D07.R2206",2019,"ORNL.2019.39",2019-09-24,27,"Y","PELE",0,0,30,0.04,0.33,0.96,8.08
"61",10546,23,27,"ORNL","ORNL_001","D07.R2206",2019,"ORNL.2019.39",2019-09-25,1,"Y","PELE",0,0,27,0.04,0.33,0.96,8.08
"62",10546,24,27,"ORNL","ORNL_001","D07.R2206",2019,"ORNL.2019.39",2019-09-26,1,"Y","PELE",0,1,28,0.04,0.33,0.96,8.08
"63",10546,25,27,"ORNL","ORNL_001","D07.R2206",2019,"ORNL.2019.43",2019-10-22,26,"Y","PELE",0,1,43,0.04,0.33,0.96,8.08
"64",10546,26,27,"ORNL","ORNL_001","D07.R2206",2019,"ORNL.2019.43",2019-10-23,1,"Y","PELE",0,1,43,0.04,0.33,0.96,8.08
"65",10546,27,27,"ORNL","ORNL_001","D07.R2206",2019,"ORNL.2019.43",2019-10-24,1,"Y","PELE",0,1,43,0.04,0.33,0.96,8.08
"66",10803,1,27,"ORNL","ORNL_002","D07.R1192",2015,"ORNL.2015.20",2015-05-14,NA,"N","PELE",1,1,19,1,0.41,0.96,1.93
"67",10803,2,27,"ORNL","ORNL_002","D07.R1192",2015,"ORNL.2015.20",2015-05-15,1,"Y","PEMA",1,1,19,1,0.41,0.96,1.93
"68",10803,3,27,"ORNL","ORNL_002","D07.R1192",2015,"ORNL.2015.25",2015-06-17,33,"Y","PELE",1,1,19,1,0.41,0.96,1.93
"69",10803,4,27,"ORNL","ORNL_002","D07.R1192",2015,"ORNL.2015.25",2015-06-18,1,"Y","PELE",1,1,18,1,0.41,0.96,1.93
"70",10803,5,27,"ORNL","ORNL_002","D07.R1192",2015,"ORNL.2015.25",2015-06-19,1,"Y","PELE",1,1,17,1,0.41,0.96,1.93
"71",10803,6,27,"ORNL","ORNL_002","D07.R1192",2015,"ORNL.2015.30",2015-07-22,33,"Y","PELE",1,0,16,1,0.41,0.96,1.93
"72",10803,7,27,"ORNL","ORNL_002","D07.R1192",2015,"ORNL.2015.30",2015-07-23,1,"Y","PELE",1,0,18,1,0.41,0.96,1.93
"73",10803,8,27,"ORNL","ORNL_002","D07.R1192",2015,"ORNL.2015.30",2015-07-24,1,"Y","PELE",1,0,21,1,0.41,0.96,1.93
"74",10803,9,27,"ORNL","ORNL_002","D07.R1192",2015,"ORNL.2015.33",2015-08-12,19,"Y","PELE",1,0,20,1,0.41,0.96,1.93
"75",10803,10,27,"ORNL","ORNL_002","D07.R1192",2015,"ORNL.2015.33",2015-08-13,1,"Y","PELE",1,1,19,1,0.41,0.96,1.93
"76",10803,11,27,"ORNL","ORNL_002","D07.R1192",2015,"ORNL.2015.33",2015-08-14,1,"Y","PELE",1,0,20,1,0.41,0.96,1.93
"77",10803,12,27,"ORNL","ORNL_002","D07.R1192",2015,"ORNL.2015.37",2015-09-09,26,"Y","PELE",1,1,19,1,0.41,0.96,1.93
"78",10803,13,27,"ORNL","ORNL_002","D07.R1192",2015,"ORNL.2015.37",2015-09-10,1,"Y","PELE",1,1,23,1,0.41,0.96,1.93
"79",10803,14,27,"ORNL","ORNL_002","D07.R1192",2015,"ORNL.2015.37",2015-09-11,1,"Y","PELE",1,0,20,1,0.41,0.96,1.93
"80",10803,15,27,"ORNL","ORNL_002","D07.R1192",2016,"ORNL.2016.18",2016-05-04,236,"Y","PELE",1,0,20,1,0.41,0.96,1.93
"81",10803,16,27,"ORNL","ORNL_002","D07.R1192",2016,"ORNL.2016.18",2016-05-05,1,"Y","PELE",1,0,15,1,0.41,0.96,1.93
"82",10803,17,27,"ORNL","ORNL_002","D07.R1192",2016,"ORNL.2016.22",2016-06-01,27,"Y","PELE",1,0,18,1,0.41,0.96,1.93
"83",10803,18,27,"ORNL","ORNL_002","D07.R1192",2016,"ORNL.2016.22",2016-06-02,1,"Y","PELE",1,0,22,1,0.41,0.96,1.93
"84",10803,19,27,"ORNL","ORNL_002","D07.R1192",2016,"ORNL.2016.22",2016-06-03,1,"Y","PELE",1,0,18,1,0.41,0.96,1.93
"85",10803,20,27,"ORNL","ORNL_002","D07.R1192",2016,"ORNL.2016.27",2016-07-06,33,"Y","PELE",1,0,19,1,0.41,0.96,1.93
"86",10803,21,27,"ORNL","ORNL_002","D07.R1192",2016,"ORNL.2016.27",2016-07-07,1,"Y","PELE",1,0,20,1,0.41,0.96,1.93
"87",10803,22,27,"ORNL","ORNL_002","D07.R1192",2016,"ORNL.2016.30",2016-07-26,19,"Y","PELE",1,0,18,1,0.41,0.96,1.93
"88",10803,23,27,"ORNL","ORNL_002","D07.R1192",2016,"ORNL.2016.30",2016-07-27,1,"Y","PELE",1,0,21,1,0.41,0.96,1.93
"89",10803,24,27,"ORNL","ORNL_002","D07.R1192",2016,"ORNL.2016.30",2016-07-28,1,"Y","PELE",1,0,20,1,0.41,0.96,1.93
"90",10803,25,27,"ORNL","ORNL_002","D07.R1192",2016,"ORNL.2016.34",2016-08-23,26,"Y","PELE",1,1,23,1,0.41,0.96,1.93
"91",10803,26,27,"ORNL","ORNL_002","D07.R1192",2016,"ORNL.2016.34",2016-08-24,1,"Y","PELE",1,1,21,1,0.41,0.96,1.93
"92",10803,27,27,"ORNL","ORNL_002","D07.R1192",2016,"ORNL.2016.34",2016-08-25,1,"Y","PELE",1,1,22,1,0.41,0.96,1.93
"93",11187,1,27,"ORNL","ORNL_003","D07.R1257",2015,"ORNL.2015.25",2015-06-17,NA,"N","PELE",0,1,16,0,0.37,1,2.52
"94",11187,2,27,"ORNL","ORNL_003","D07.R1257",2015,"ORNL.2015.25",2015-06-18,1,"Y","PELE",0,1,16,0,0.37,1,2.52
"95",11187,3,27,"ORNL","ORNL_003","D07.R1257",2015,"ORNL.2015.25",2015-06-19,1,"Y","PELE",0,0,15,0,0.37,1,2.52
"96",11187,4,27,"ORNL","ORNL_003","D07.R1257",2015,"ORNL.2015.30",2015-07-22,33,"Y","PELE",0,1,17,0,0.37,1,2.52
"97",11187,5,27,"ORNL","ORNL_003","D07.R1257",2015,"ORNL.2015.30",2015-07-23,1,"Y","PELE",0,0,18,0,0.37,1,2.52
"98",11187,6,27,"ORNL","ORNL_003","D07.R1257",2015,"ORNL.2015.30",2015-07-24,1,"Y","PELE",0,0,14,0,0.37,1,2.52
"99",11187,7,27,"ORNL","ORNL_003","D07.R1257",2015,"ORNL.2015.33",2015-08-12,19,"Y","PELE",0,1,17,0,0.37,1,2.52
"100",11187,8,27,"ORNL","ORNL_003","D07.R1257",2015,"ORNL.2015.33",2015-08-13,1,"Y","PELE",0,0,16,0,0.37,1,2.52
"101",11187,9,27,"ORNL","ORNL_003","D07.R1257",2015,"ORNL.2015.33",2015-08-14,1,"Y","PELE",0,0,17,0,0.37,1,2.52
"102",11187,10,27,"ORNL","ORNL_003","D07.R1257",2015,"ORNL.2015.37",2015-09-10,27,"Y","PELE",0,1,20,0,0.37,1,2.52
"103",11187,11,27,"ORNL","ORNL_003","D07.R1257",2015,"ORNL.2015.37",2015-09-11,1,"Y","PELE",0,0,17,0,0.37,1,2.52
"104",11187,12,27,"ORNL","ORNL_003","D07.R1257",2016,"ORNL.2016.14",2016-04-07,209,"Y","PELE",0,1,18,0,0.37,1,2.52
"105",11187,13,27,"ORNL","ORNL_003","D07.R1257",2016,"ORNL.2016.14",2016-04-08,1,"Y","PELE",0,1,22,0,0.37,1,2.52
"106",11187,14,27,"ORNL","ORNL_003","D07.R1257",2016,"ORNL.2016.18",2016-05-04,26,"Y","PELE",0,1,22,0,0.37,1,2.52
"107",11187,15,27,"ORNL","ORNL_003","D07.R1257",2016,"ORNL.2016.18",2016-05-06,2,"Y","PELE",0,1,NA,0,0.37,1,2.52
"108",11187,16,27,"ORNL","ORNL_003","D07.R1257",2016,"ORNL.2016.22",2016-06-01,26,"Y","PELE",0,1,23,0,0.37,1,2.52
"109",11187,17,27,"ORNL","ORNL_003","D07.R1257",2016,"ORNL.2016.22",2016-06-02,1,"Y","PELE",0,0,21,0,0.37,1,2.52
"110",11187,18,27,"ORNL","ORNL_003","D07.R1257",2016,"ORNL.2016.22",2016-06-03,1,"Y","PELE",0,0,19,0,0.37,1,2.52
"111",11187,19,27,"ORNL","ORNL_003","D07.R1257",2016,"ORNL.2016.27",2016-07-06,33,"Y","PELE",0,0,23,0,0.37,1,2.52
"112",11187,20,27,"ORNL","ORNL_003","D07.R1257",2016,"ORNL.2016.27",2016-07-07,1,"Y","PELE",0,0,19,0,0.37,1,2.52
"113",11187,21,27,"ORNL","ORNL_003","D07.R1257",2016,"ORNL.2016.27",2016-07-08,1,"Y","PELE",0,0,20,0,0.37,1,2.52
"114",11187,22,27,"ORNL","ORNL_003","D07.R1257",2016,"ORNL.2016.30",2016-07-26,18,"Y","PELE",0,0,20,0,0.37,1,2.52
"115",11187,23,27,"ORNL","ORNL_003","D07.R1257",2016,"ORNL.2016.30",2016-07-27,1,"Y","PELE",0,0,18,0,0.37,1,2.52
"116",11187,24,27,"ORNL","ORNL_003","D07.R1257",2016,"ORNL.2016.30",2016-07-28,1,"Y","PELE",0,0,15,0,0.37,1,2.52
"117",11187,25,27,"ORNL","ORNL_003","D07.R1257",2016,"ORNL.2016.34",2016-08-23,26,"Y","PELE",0,0,20,0,0.37,1,2.52
"118",11187,26,27,"ORNL","ORNL_003","D07.R1257",2016,"ORNL.2016.34",2016-08-24,1,"Y","PELE",0,0,20,0,0.37,1,2.52
"119",11187,27,27,"ORNL","ORNL_003","D07.R1257",2016,"ORNL.2016.34",2016-08-25,1,"Y","PELE",0,0,20,0,0.37,1,2.52
"120",11236,1,27,"ORNL","ORNL_003","D07.R1800",2016,"ORNL.2016.34",2016-08-23,NA,"Y","PELE",1,0,22,1,0.37,0.96,1.94
"121",11236,2,27,"ORNL","ORNL_003","D07.R1800",2016,"ORNL.2016.34",2016-08-24,1,"Y","PELE",1,0,19,1,0.37,0.96,1.94
"122",11236,3,27,"ORNL","ORNL_003","D07.R1800",2016,"ORNL.2016.34",2016-08-25,1,"Y","PELE",1,1,22,1,0.37,0.96,1.94
"123",11236,4,27,"ORNL","ORNL_003","D07.R1800",2017,"ORNL.2017.17",2017-04-26,244,"Y","PELE",1,1,24,1,0.37,0.96,1.94
"124",11236,5,27,"ORNL","ORNL_003","D07.R1800",2017,"ORNL.2017.17",2017-04-28,2,"Y","PELE",1,1,25,1,0.37,0.96,1.94
"125",11236,6,27,"ORNL","ORNL_003","D07.R1800",2017,"ORNL.2017.21",2017-05-24,26,"Y","PELE",1,0,21,1,0.37,0.96,1.94
"126",11236,7,27,"ORNL","ORNL_003","D07.R1800",2017,"ORNL.2017.21",2017-05-25,1,"Y","PELE",1,0,18,1,0.37,0.96,1.94
"127",11236,8,27,"ORNL","ORNL_003","D07.R1800",2017,"ORNL.2017.21",2017-05-26,1,"Y","PELE",1,0,21,1,0.37,0.96,1.94
"128",11236,9,27,"ORNL","ORNL_003","D07.R1800",2017,"ORNL.2017.25",2017-06-21,26,"Y","PELE",1,0,22,1,0.37,0.96,1.94
"129",11236,10,27,"ORNL","ORNL_003","D07.R1800",2017,"ORNL.2017.25",2017-06-22,1,"Y","PELE",1,0,20,1,0.37,0.96,1.94
"130",11236,11,27,"ORNL","ORNL_003","D07.R1800",2017,"ORNL.2017.25",2017-06-23,1,"Y","PELE",1,0,17,1,0.37,0.96,1.94
"131",11236,12,27,"ORNL","ORNL_003","D07.R1800",2017,"ORNL.2017.29",2017-07-18,25,"Y","PELE",1,0,21,1,0.37,0.96,1.94
"132",11236,13,27,"ORNL","ORNL_003","D07.R1800",2017,"ORNL.2017.29",2017-07-19,1,"Y","PELE",1,0,22,1,0.37,0.96,1.94
"133",11236,14,27,"ORNL","ORNL_003","D07.R1800",2017,"ORNL.2017.33",2017-08-15,27,"Y","PEMA",1,0,22,1,0.37,0.96,1.94
"134",11236,15,27,"ORNL","ORNL_003","D07.R1800",2017,"ORNL.2017.33",2017-08-16,1,"Y","PELE",1,1,22,1,0.37,0.96,1.94
"135",11236,16,27,"ORNL","ORNL_003","D07.R1800",2018,"ORNL.2018.15",2018-04-10,237,"Y","PELE",1,0,21,1,0.37,0.96,1.94
"136",11236,17,27,"ORNL","ORNL_003","D07.R1800",2018,"ORNL.2018.15",2018-04-11,1,"Y","PELE",1,1,23,1,0.37,0.96,1.94
"137",11236,18,27,"ORNL","ORNL_003","D07.R1800",2018,"ORNL.2018.15",2018-04-12,1,"Y","PELE",1,1,21,1,0.37,0.96,1.94
"138",11236,19,27,"ORNL","ORNL_003","D07.R1800",2018,"ORNL.2018.19",2018-05-08,26,"Y","PELE",1,0,25,1,0.37,0.96,1.94
"139",11236,20,27,"ORNL","ORNL_003","D07.R1800",2018,"ORNL.2018.19",2018-05-09,1,"Y","PELE",1,0,22,1,0.37,0.96,1.94
"140",11236,21,27,"ORNL","ORNL_003","D07.R1800",2018,"ORNL.2018.19",2018-05-10,1,"Y","PELE",1,1,18,1,0.37,0.96,1.94
"141",11236,22,27,"ORNL","ORNL_003","D07.R1800",2018,"ORNL.2018.24",2018-06-12,33,"Y","PELE",1,0,22,1,0.37,0.96,1.94
"142",11236,23,27,"ORNL","ORNL_003","D07.R1800",2018,"ORNL.2018.24",2018-06-13,1,"Y","PELE",1,0,23,1,0.37,0.96,1.94
"143",11236,24,27,"ORNL","ORNL_003","D07.R1800",2018,"ORNL.2018.24",2018-06-14,1,"Y","PELE",1,0,23,1,0.37,0.96,1.94
"144",11236,25,27,"ORNL","ORNL_003","D07.R1800",2018,"ORNL.2018.28",2018-07-10,26,"Y","PELE",1,1,21,1,0.37,0.96,1.94
"145",11236,26,27,"ORNL","ORNL_003","D07.R1800",2018,"ORNL.2018.28",2018-07-11,1,"Y","PELE",1,1,20,1,0.37,0.96,1.94
"146",11236,27,27,"ORNL","ORNL_003","D07.R1800",2018,"ORNL.2018.28",2018-07-12,1,"Y","PELE",1,1,20,1,0.37,0.96,1.94
"147",3803,1,26,"HARV","HARV_008","D01.R3640",2020,"HARV.2020.26",2020-06-23,NA,"N","PELEPEMA",1,1,16,1,0.54,0.27,3.09
"148",3803,2,26,"HARV","HARV_008","D01.R3640",2020,"HARV.2020.26",2020-06-24,1,"Y","PELE",1,0,16,1,0.54,0.27,3.09
"149",3803,3,26,"HARV","HARV_008","D01.R3640",2020,"HARV.2020.26",2020-06-25,1,"Y","PELEPEMA",1,1,14,1,0.54,0.27,3.09
"150",3803,4,26,"HARV","HARV_008","D01.R3640",2020,"HARV.2020.29",2020-07-14,19,"Y","PELE",1,1,16,1,0.54,0.27,3.09
"151",3803,5,26,"HARV","HARV_008","D01.R3640",2020,"HARV.2020.29",2020-07-15,1,"Y","PELEPEMA",1,0,18,1,0.54,0.27,3.09
"152",3803,6,26,"HARV","HARV_008","D01.R3640",2020,"HARV.2020.29",2020-07-16,1,"Y","PELEPEMA",1,1,17,1,0.54,0.27,3.09
"153",3803,7,26,"HARV","HARV_008","D01.R3640",2020,"HARV.2020.33",2020-08-11,26,"Y","PELE",1,1,18,1,0.54,0.27,3.09
"154",3803,8,26,"HARV","HARV_008","D01.R3640",2020,"HARV.2020.33",2020-08-12,1,"Y","PELEPEMA",1,1,17,1,0.54,0.27,3.09
"155",3803,9,26,"HARV","HARV_008","D01.R3640",2020,"HARV.2020.33",2020-08-13,1,"Y","PELE",1,0,18,1,0.54,0.27,3.09
"156",3803,10,26,"HARV","HARV_008","D01.R3640",2020,"HARV.2020.37",2020-09-13,31,"Y","PELEPEMA",1,0,20,1,0.54,0.27,3.09
"157",3803,11,26,"HARV","HARV_008","D01.R3640",2020,"HARV.2020.37",2020-09-14,1,"Y","PELE",1,1,19,1,0.54,0.27,3.09
"158",3803,12,26,"HARV","HARV_008","D01.R3640",2020,"HARV.2020.42",2020-10-15,31,"Y","PELE",1,1,22,1,0.54,0.27,3.09
"159",3803,13,26,"HARV","HARV_008","D01.R3640",2020,"HARV.2020.42",2020-10-16,1,"Y","PELE",1,1,NA,1,0.54,0.27,3.09
"160",3803,14,26,"HARV","HARV_008","D01.R3640",2021,"HARV.2021.19",2021-05-11,207,"Y","PELEPEMA",1,0,26,1,0.54,0.27,3.09
"161",3803,15,26,"HARV","HARV_008","D01.R3640",2021,"HARV.2021.24",2021-06-15,35,"Y","PELEPEMA",1,1,NA,1,0.54,0.27,3.09
"162",3803,16,26,"HARV","HARV_008","D01.R3640",2021,"HARV.2021.24",2021-06-16,1,"Y","PELEPEMA",1,0,NA,1,0.54,0.27,3.09
"163",3803,17,26,"HARV","HARV_008","D01.R3640",2021,"HARV.2021.27",2021-07-07,21,"Y","PELEPEMA",1,0,NA,1,0.54,0.27,3.09
"164",3803,18,26,"HARV","HARV_008","D01.R3640",2021,"HARV.2021.27",2021-07-08,1,"Y","PELEPEMA",1,1,NA,1,0.54,0.27,3.09
"165",3803,19,26,"HARV","HARV_008","D01.R3640",2021,"HARV.2021.30",2021-08-01,24,"Y","PELEPEMA",1,1,NA,1,0.54,0.27,3.09
"166",3803,20,26,"HARV","HARV_008","D01.R3640",2021,"HARV.2021.30",2021-08-02,1,"Y","PELEPEMA",1,1,NA,1,0.54,0.27,3.09
"167",3803,21,26,"HARV","HARV_008","D01.R3640",2021,"HARV.2021.30",2021-08-03,1,"Y","PELEPEMA",1,0,NA,1,0.54,0.27,3.09
"168",3803,22,26,"HARV","HARV_008","D01.R3640",2021,"HARV.2021.35",2021-08-30,27,"Y","PELEPEMA",1,0,NA,1,0.54,0.27,3.09
"169",3803,23,26,"HARV","HARV_008","D01.R3640",2021,"HARV.2021.35",2021-08-31,1,"Y","PELEPEMA",1,0,NA,1,0.54,0.27,3.09
"170",3803,24,26,"HARV","HARV_008","D01.R3640",2021,"HARV.2021.35",2021-09-01,1,"Y","PELEPEMA",1,1,NA,1,0.54,0.27,3.09
"171",3803,25,26,"HARV","HARV_008","D01.R3640",2021,"HARV.2021.39",2021-09-27,26,"Y","PELEPEMA",1,0,NA,1,0.54,0.27,3.09
"172",3803,26,26,"HARV","HARV_008","D01.R3640",2021,"HARV.2021.39",2021-09-28,1,"Y","PELEPEMA",1,0,NA,1,0.54,0.27,3.09
"173",7470,1,25,"HARV","HARV_023","D01.R4068",2020,"HARV.2020.26",2020-06-26,NA,"N","PELEPEMA",0,0,15,0,0.76,0.36,6.72
"174",7470,2,25,"HARV","HARV_023","D01.R4068",2020,"HARV.2020.26",2020-06-27,1,"Y","PELEPEMA",0,0,15,0,0.76,0.36,6.72
"175",7470,3,25,"HARV","HARV_023","D01.R4068",2020,"HARV.2020.29",2020-07-14,17,"Y","PELEPEMA",0,0,17,0,0.76,0.36,6.72
"176",7470,4,25,"HARV","HARV_023","D01.R4068",2020,"HARV.2020.29",2020-07-15,1,"Y","PEMA",0,0,17,0,0.76,0.36,6.72
"177",7470,5,25,"HARV","HARV_023","D01.R4068",2020,"HARV.2020.29",2020-07-16,1,"Y","PEMA",0,0,17,0,0.76,0.36,6.72
"178",7470,6,25,"HARV","HARV_023","D01.R4068",2020,"HARV.2020.33",2020-08-11,26,"Y","PELEPEMA",0,1,22,0,0.76,0.36,6.72
"179",7470,7,25,"HARV","HARV_023","D01.R4068",2020,"HARV.2020.33",2020-08-13,2,"Y","PELEPEMA",0,1,22,0,0.76,0.36,6.72
"180",7470,8,25,"HARV","HARV_023","D01.R4068",2020,"HARV.2020.37",2020-09-16,34,"Y","PELE",0,1,29,0,0.76,0.36,6.72
"181",7470,9,25,"HARV","HARV_023","D01.R4068",2020,"HARV.2020.42",2020-10-16,30,"Y","PELE",0,1,25,0,0.76,0.36,6.72
"182",7470,10,25,"HARV","HARV_023","D01.R4068",2021,"HARV.2021.24",2021-06-16,243,"Y","PELEPEMA",0,1,30,0,0.76,0.36,6.72
"183",7470,11,25,"HARV","HARV_023","D01.R4068",2021,"HARV.2021.24",2021-06-17,1,"Y","PELEPEMA",0,1,29,0,0.76,0.36,6.72
"184",7470,12,25,"HARV","HARV_023","D01.R4068",2021,"HARV.2021.24",2021-06-18,1,"Y","PELEPEMA",0,1,NA,0,0.76,0.36,6.72
"185",7470,13,25,"HARV","HARV_023","D01.R4068",2021,"HARV.2021.27",2021-07-06,18,"Y","PELE",0,1,NA,0,0.76,0.36,6.72
"186",7470,14,25,"HARV","HARV_023","D01.R4068",2021,"HARV.2021.27",2021-07-07,1,"Y","PELE",0,0,NA,0,0.76,0.36,6.72
"187",7470,15,25,"HARV","HARV_023","D01.R4068",2021,"HARV.2021.27",2021-07-08,1,"Y","PELE",0,1,NA,0,0.76,0.36,6.72
"188",7470,16,25,"HARV","HARV_023","D01.R4068",2021,"HARV.2021.30",2021-08-04,27,"Y","PEMA",0,1,NA,0,0.76,0.36,6.72
"189",7470,17,25,"HARV","HARV_023","D01.R4068",2021,"HARV.2021.30",2021-08-05,1,"Y","PELE",0,1,NA,0,0.76,0.36,6.72
"190",7470,18,25,"HARV","HARV_023","D01.R4068",2021,"HARV.2021.30",2021-08-06,1,"Y","PELEPEMA",0,1,NA,0,0.76,0.36,6.72
"191",7470,19,25,"HARV","HARV_023","D01.R4068",2021,"HARV.2021.35",2021-09-02,27,"Y","PEMA",0,1,35,0,0.76,0.36,6.72
"192",7470,20,25,"HARV","HARV_023","D01.R4068",2021,"HARV.2021.35",2021-09-04,2,"Y","PEMA",0,1,NA,0,0.76,0.36,6.72
"193",7470,21,25,"HARV","HARV_023","D01.R4068",2021,"HARV.2021.39",2021-10-02,28,"Y","PEMA",0,1,29,0,0.76,0.36,6.72
"194",7470,22,25,"HARV","HARV_023","D01.R4068",2022,"HARV.2022.17",2022-04-28,208,"Y","PELE",0,1,33,0,0.76,0.36,6.72
"195",7470,23,25,"HARV","HARV_023","D01.R4068",2022,"HARV.2022.25",2022-06-21,54,"Y","PELE",0,1,30,0,0.76,0.36,6.72
"196",7470,24,25,"HARV","HARV_023","D01.R4068",2022,"HARV.2022.25",2022-06-23,2,"Y","PELE",0,1,30,0,0.76,0.36,6.72
"197",7470,25,25,"HARV","HARV_023","D01.R4068",2022,"HARV.2022.30",2022-07-26,33,"Y","PELEPEMA",0,1,30,0,0.76,0.36,6.72
"198",11166,1,25,"ORNL","ORNL_003","D07.R1151",2015,"ORNL.2015.16",2015-04-17,NA,"N","PELE",1,1,25,1,0.12,0.84,2.82
"199",11166,2,25,"ORNL","ORNL_003","D07.R1151",2015,"ORNL.2015.20",2015-05-13,26,"Y","PEMA",1,0,22,1,0.12,0.84,2.82
"200",11166,3,25,"ORNL","ORNL_003","D07.R1151",2015,"ORNL.2015.20",2015-05-14,1,"Y","PEMA",1,0,21,1,0.12,0.84,2.82
"201",11166,4,25,"ORNL","ORNL_003","D07.R1151",2015,"ORNL.2015.20",2015-05-15,1,"Y","PELE",1,0,22,1,0.12,0.84,2.82
"202",11166,5,25,"ORNL","ORNL_003","D07.R1151",2015,"ORNL.2015.25",2015-06-17,33,"Y","PELE",1,0,21,1,0.12,0.84,2.82
"203",11166,6,25,"ORNL","ORNL_003","D07.R1151",2015,"ORNL.2015.25",2015-06-18,1,"Y","PELE",1,0,21,1,0.12,0.84,2.82
"204",11166,7,25,"ORNL","ORNL_003","D07.R1151",2015,"ORNL.2015.25",2015-06-19,1,"Y","PELE",1,0,23,1,0.12,0.84,2.82
"205",11166,8,25,"ORNL","ORNL_003","D07.R1151",2015,"ORNL.2015.30",2015-07-22,33,"Y","PELE",1,0,14,1,0.12,0.84,2.82
"206",11166,9,25,"ORNL","ORNL_003","D07.R1151",2015,"ORNL.2015.30",2015-07-23,1,"Y","PELE",1,0,25,1,0.12,0.84,2.82
"207",11166,10,25,"ORNL","ORNL_003","D07.R1151",2015,"ORNL.2015.30",2015-07-24,1,"Y","PELE",1,0,24,1,0.12,0.84,2.82
"208",11166,11,25,"ORNL","ORNL_003","D07.R1151",2015,"ORNL.2015.33",2015-08-12,19,"Y","PELE",1,0,23,1,0.12,0.84,2.82
"209",11166,12,25,"ORNL","ORNL_003","D07.R1151",2015,"ORNL.2015.33",2015-08-13,1,"Y","PELE",1,0,24,1,0.12,0.84,2.82
"210",11166,13,25,"ORNL","ORNL_003","D07.R1151",2015,"ORNL.2015.37",2015-09-09,27,"Y","PELE",1,0,25,1,0.12,0.84,2.82
"211",11166,14,25,"ORNL","ORNL_003","D07.R1151",2015,"ORNL.2015.37",2015-09-10,1,"Y","PELE",1,1,25,1,0.12,0.84,2.82
"212",11166,15,25,"ORNL","ORNL_003","D07.R1151",2015,"ORNL.2015.37",2015-09-11,1,"Y","PELE",1,1,26,1,0.12,0.84,2.82
"213",11166,16,25,"ORNL","ORNL_003","D07.R1151",2016,"ORNL.2016.14",2016-04-06,208,"Y","PELE",1,0,25,1,0.12,0.84,2.82
"214",11166,17,25,"ORNL","ORNL_003","D07.R1151",2016,"ORNL.2016.14",2016-04-07,1,"Y","PELE",1,0,25,1,0.12,0.84,2.82
"215",11166,18,25,"ORNL","ORNL_003","D07.R1151",2016,"ORNL.2016.14",2016-04-08,1,"Y","PELE",1,0,23,1,0.12,0.84,2.82
"216",11166,19,25,"ORNL","ORNL_003","D07.R1151",2016,"ORNL.2016.18",2016-05-04,26,"Y","PELE",1,0,24,1,0.12,0.84,2.82
"217",11166,20,25,"ORNL","ORNL_003","D07.R1151",2016,"ORNL.2016.22",2016-06-01,28,"Y","PEMA",1,0,25,1,0.12,0.84,2.82
"218",11166,21,25,"ORNL","ORNL_003","D07.R1151",2016,"ORNL.2016.22",2016-06-02,1,"Y","PEMA",1,0,23,1,0.12,0.84,2.82
"219",11166,22,25,"ORNL","ORNL_003","D07.R1151",2016,"ORNL.2016.27",2016-07-07,35,"Y","PELE",1,0,25,1,0.12,0.84,2.82
"220",11166,23,25,"ORNL","ORNL_003","D07.R1151",2016,"ORNL.2016.27",2016-07-08,1,"Y","PELE",1,0,28,1,0.12,0.84,2.82
"221",11166,24,25,"ORNL","ORNL_003","D07.R1151",2017,"ORNL.2017.21",2017-05-25,321,"Y","PELE",1,0,27,1,0.12,0.84,2.82
"222",11166,25,25,"ORNL","ORNL_003","D07.R1151",2017,"ORNL.2017.21",2017-05-26,1,"Y","PELE",1,0,28,1,0.12,0.84,2.82
"223",10812,1,24,"ORNL","ORNL_002","D07.R1248",2015,"ORNL.2015.25",2015-06-17,NA,"N","PELE",1,0,15,1,0.17,1,2.61
"224",10812,2,24,"ORNL","ORNL_002","D07.R1248",2015,"ORNL.2015.25",2015-06-18,1,"Y","PELE",1,0,17,1,0.17,1,2.61
"225",10812,3,24,"ORNL","ORNL_002","D07.R1248",2015,"ORNL.2015.25",2015-06-19,1,"Y","PELE",1,0,16,1,0.17,1,2.61
"226",10812,4,24,"ORNL","ORNL_002","D07.R1248",2015,"ORNL.2015.30",2015-07-22,33,"Y","PELE",1,0,17,1,0.17,1,2.61
"227",10812,5,24,"ORNL","ORNL_002","D07.R1248",2015,"ORNL.2015.30",2015-07-23,1,"Y","PELE",1,0,19,1,0.17,1,2.61
"228",10812,6,24,"ORNL","ORNL_002","D07.R1248",2015,"ORNL.2015.30",2015-07-24,1,"Y","PELE",1,0,17,1,0.17,1,2.61
"229",10812,7,24,"ORNL","ORNL_002","D07.R1248",2015,"ORNL.2015.33",2015-08-12,19,"Y","PELE",1,0,17,1,0.17,1,2.61
"230",10812,8,24,"ORNL","ORNL_002","D07.R1248",2015,"ORNL.2015.33",2015-08-13,1,"Y","PELE",1,0,15,1,0.17,1,2.61
"231",10812,9,24,"ORNL","ORNL_002","D07.R1248",2015,"ORNL.2015.33",2015-08-14,1,"Y","PELE",1,0,16,1,0.17,1,2.61
"232",10812,10,24,"ORNL","ORNL_002","D07.R1248",2015,"ORNL.2015.37",2015-09-09,26,"Y","PELE",1,1,18,1,0.17,1,2.61
"233",10812,11,24,"ORNL","ORNL_002","D07.R1248",2015,"ORNL.2015.37",2015-09-10,1,"Y","PELE",1,1,18,1,0.17,1,2.61
"234",10812,12,24,"ORNL","ORNL_002","D07.R1248",2015,"ORNL.2015.37",2015-09-11,1,"Y","PELE",1,1,19,1,0.17,1,2.61
"235",10812,13,24,"ORNL","ORNL_002","D07.R1248",2016,"ORNL.2016.14",2016-04-07,209,"Y","PELE",1,0,20,1,0.17,1,2.61
"236",10812,14,24,"ORNL","ORNL_002","D07.R1248",2016,"ORNL.2016.18",2016-05-04,27,"Y","PELE",1,1,21,1,0.17,1,2.61
"237",10812,15,24,"ORNL","ORNL_002","D07.R1248",2016,"ORNL.2016.18",2016-05-05,1,"Y","PELE",1,0,19,1,0.17,1,2.61
"238",10812,16,24,"ORNL","ORNL_002","D07.R1248",2016,"ORNL.2016.22",2016-06-01,27,"Y","PELE",1,0,20,1,0.17,1,2.61
"239",10812,17,24,"ORNL","ORNL_002","D07.R1248",2016,"ORNL.2016.22",2016-06-02,1,"Y","PELE",1,0,18,1,0.17,1,2.61
"240",10812,18,24,"ORNL","ORNL_002","D07.R1248",2016,"ORNL.2016.22",2016-06-03,1,"Y","PELE",1,0,16,1,0.17,1,2.61
"241",10812,19,24,"ORNL","ORNL_002","D07.R1248",2016,"ORNL.2016.27",2016-07-06,33,"Y","PELE",1,0,26,1,0.17,1,2.61
"242",10812,20,24,"ORNL","ORNL_002","D07.R1248",2016,"ORNL.2016.27",2016-07-07,1,"Y","PELE",1,0,22,1,0.17,1,2.61
"243",10812,21,24,"ORNL","ORNL_002","D07.R1248",2016,"ORNL.2016.27",2016-07-08,1,"Y","PELE",1,0,21,1,0.17,1,2.61
"244",10812,22,24,"ORNL","ORNL_002","D07.R1248",2016,"ORNL.2016.30",2016-07-26,18,"Y","PELE",1,0,22,1,0.17,1,2.61
"245",10812,23,24,"ORNL","ORNL_002","D07.R1248",2016,"ORNL.2016.30",2016-07-27,1,"Y","PELE",1,0,21,1,0.17,1,2.61
"246",10812,24,24,"ORNL","ORNL_002","D07.R1248",2016,"ORNL.2016.30",2016-07-28,1,"Y","PELE",1,0,19,1,0.17,1,2.61
"247",13812,1,22,"SCBI","SCBI_008","D02.R3216",2018,"SCBI.2018.32",2018-08-08,NA,"N","PELE",0,1,17,0,0.86,1,3.38
"248",13812,2,22,"SCBI","SCBI_008","D02.R3216",2018,"SCBI.2018.32",2018-08-09,1,"Y","PELE",0,1,19,0,0.86,1,3.38
"249",13812,3,22,"SCBI","SCBI_008","D02.R3216",2018,"SCBI.2018.36",2018-09-05,27,"Y","PELE",0,1,21,0,0.86,1,3.38
"250",13812,4,22,"SCBI","SCBI_008","D02.R3216",2018,"SCBI.2018.36",2018-09-06,1,"Y","PELE",0,1,22,0,0.86,1,3.38
"251",13812,5,22,"SCBI","SCBI_008","D02.R3216",2018,"SCBI.2018.36",2018-09-07,1,"Y","PELE",0,0,20,0,0.86,1,3.38
"252",13812,6,22,"SCBI","SCBI_008","D02.R3216",2018,"SCBI.2018.40",2018-10-02,25,"Y","PELE",0,1,21,0,0.86,1,3.38
"253",13812,7,22,"SCBI","SCBI_008","D02.R3216",2018,"SCBI.2018.40",2018-10-03,1,"Y","PELE",0,1,21,0,0.86,1,3.38
"254",13812,8,22,"SCBI","SCBI_008","D02.R3216",2018,"SCBI.2018.40",2018-10-04,1,"Y","PELE",0,1,17,0,0.86,1,3.38
"255",13812,9,22,"SCBI","SCBI_008","D02.R3216",2019,"SCBI.2019.18",2019-04-30,208,"Y","PELE",0,1,20,0,0.86,1,3.38
"256",13812,10,22,"SCBI","SCBI_008","D02.R3216",2019,"SCBI.2019.18",2019-05-01,1,"Y","PELE",0,1,21,0,0.86,1,3.38
"257",13812,11,22,"SCBI","SCBI_008","D02.R3216",2019,"SCBI.2019.18",2019-05-02,1,"Y","PELE",0,1,21,0,0.86,1,3.38
"258",13812,12,22,"SCBI","SCBI_008","D02.R3216",2019,"SCBI.2019.22",2019-05-29,27,"Y","PELE",0,1,23,0,0.86,1,3.38
"259",13812,13,22,"SCBI","SCBI_008","D02.R3216",2019,"SCBI.2019.22",2019-05-30,1,"Y","PELE",0,1,22,0,0.86,1,3.38
"260",13812,14,22,"SCBI","SCBI_008","D02.R3216",2019,"SCBI.2019.22",2019-05-31,1,"Y","PELE",0,1,25,0,0.86,1,3.38
"261",13812,15,22,"SCBI","SCBI_008","D02.R3216",2019,"SCBI.2019.26",2019-06-25,25,"Y","PELE",0,1,24,0,0.86,1,3.38
"262",13812,16,22,"SCBI","SCBI_008","D02.R3216",2019,"SCBI.2019.26",2019-06-26,1,"Y","PELE",0,1,22,0,0.86,1,3.38
"263",13812,17,22,"SCBI","SCBI_008","D02.R3216",2019,"SCBI.2019.34",2019-08-22,57,"Y","PELE",0,1,32,0,0.86,1,3.38
"264",13812,18,22,"SCBI","SCBI_008","D02.R3216",2019,"SCBI.2019.34",2019-08-23,1,"Y","PELE",0,1,26,0,0.86,1,3.38
"265",13812,19,22,"SCBI","SCBI_008","D02.R3216",2019,"SCBI.2019.39",2019-09-24,32,"Y","PELE",0,1,26,0,0.86,1,3.38
"266",13812,20,22,"SCBI","SCBI_008","D02.R3216",2019,"SCBI.2019.39",2019-09-25,1,"Y","PELE",0,1,25,0,0.86,1,3.38
"267",13812,21,22,"SCBI","SCBI_008","D02.R3216",2020,"SCBI.2020.12",2020-03-17,174,"Y","PELE",0,0,25,0,0.86,1,3.38
"268",13812,22,22,"SCBI","SCBI_008","D02.R3216",2020,"SCBI.2020.12",2020-03-18,1,"Y","PELE",0,0,25,0,0.86,1,3.38
