"","tmp_iid","cap_num","tot_caps","siteID","plotID","tagID","year","eventID","date","prev_cap_days","recap","taxonID","sex_male","sex_mature","weight","male_prop","mature_prop","PELE_prop","weight_sd"
"1",11024,1,38,"ORNL","ORNL_001","D07.R1598",2016,"ORNL.2016.18",2016-05-04,NA,"N","PELE",1,0,20,1,0.29,0.71,2.5
"2",11024,2,38,"ORNL","ORNL_001","D07.R1598",2016,"ORNL.2016.22",2016-06-01,28,"Y","PELE",1,0,20,1,0.29,0.71,2.5
"3",11024,3,38,"ORNL","ORNL_001","D07.R1598",2016,"ORNL.2016.22",2016-06-02,1,"Y","PELE",1,0,18,1,0.29,0.71,2.5
"4",11024,4,38,"ORNL","ORNL_001","D07.R1598",2016,"ORNL.2016.22",2016-06-03,1,"Y","PELE",1,0,18,1,0.29,0.71,2.5
"5",11024,5,38,"ORNL","ORNL_001","D07.R1598",2016,"ORNL.2016.27",2016-07-06,33,"Y","PELE",1,0,19,1,0.29,0.71,2.5
"6",11024,6,38,"ORNL","ORNL_001","D07.R1598",2016,"ORNL.2016.27",2016-07-07,1,"Y","PELE",1,0,18,1,0.29,0.71,2.5
"7",11024,7,38,"ORNL","ORNL_001","D07.R1598",2016,"ORNL.2016.27",2016-07-08,1,"Y","PELE",1,0,19,1,0.29,0.71,2.5
"8",11024,8,38,"ORNL","ORNL_001","D07.R1598",2016,"ORNL.2016.30",2016-07-26,18,"Y","PELE",1,0,17,1,0.29,0.71,2.5
"9",11024,9,38,"ORNL","ORNL_001","D07.R1598",2016,"ORNL.2016.30",2016-07-27,1,"Y","PELE",1,1,19,1,0.29,0.71,2.5
"10",11024,10,38,"ORNL","ORNL_001","D07.R1598",2016,"ORNL.2016.30",2016-07-28,1,"Y","PELE",1,0,14,1,0.29,0.71,2.5
"11",11024,11,38,"ORNL","ORNL_001","D07.R1598",2016,"ORNL.2016.34",2016-08-23,26,"Y","PELE",1,1,22,1,0.29,0.71,2.5
"12",11024,12,38,"ORNL","ORNL_001","D07.R1598",2016,"ORNL.2016.34",2016-08-24,1,"Y","PELE",1,1,20,1,0.29,0.71,2.5
"13",11024,13,38,"ORNL","ORNL_001","D07.R1598",2016,"ORNL.2016.34",2016-08-25,1,"Y","PELE",1,1,21,1,0.29,0.71,2.5
"14",11024,14,38,"ORNL","ORNL_001","D07.R1598",2017,"ORNL.2017.17",2017-04-26,244,"Y","PEMA",1,0,22,1,0.29,0.71,2.5
"15",11024,15,38,"ORNL","ORNL_001","D07.R1598",2017,"ORNL.2017.17",2017-04-28,2,"Y","PELE",1,0,19,1,0.29,0.71,2.5
"16",11024,16,38,"ORNL","ORNL_001","D07.R1598",2017,"ORNL.2017.21",2017-05-24,26,"Y","PELE",1,0,22,1,0.29,0.71,2.5
"17",11024,17,38,"ORNL","ORNL_001","D07.R1598",2017,"ORNL.2017.21",2017-05-25,1,"Y","PELE",1,0,22,1,0.29,0.71,2.5
"18",11024,18,38,"ORNL","ORNL_001","D07.R1598",2017,"ORNL.2017.21",2017-05-26,1,"Y","PELE",1,0,20,1,0.29,0.71,2.5
"19",11024,19,38,"ORNL","ORNL_001","D07.R1598",2017,"ORNL.2017.25",2017-06-21,26,"Y","PELE",1,0,20,1,0.29,0.71,2.5
"20",11024,20,38,"ORNL","ORNL_001","D07.R1598",2017,"ORNL.2017.25",2017-06-22,1,"Y","PELE",1,0,20,1,0.29,0.71,2.5
"21",11024,21,38,"ORNL","ORNL_001","D07.R1598",2017,"ORNL.2017.25",2017-06-23,1,"Y","PELE",1,0,19,1,0.29,0.71,2.5
"22",11024,22,38,"ORNL","ORNL_001","D07.R1598",2017,"ORNL.2017.29",2017-07-18,25,"Y","PELE",1,0,22,1,0.29,0.71,2.5
"23",11024,23,38,"ORNL","ORNL_001","D07.R1598",2017,"ORNL.2017.29",2017-07-19,1,"Y","PELE",1,0,20,1,0.29,0.71,2.5
"24",11024,24,38,"ORNL","ORNL_001","D07.R1598",2017,"ORNL.2017.29",2017-07-20,1,"Y","PELE",1,0,20,1,0.29,0.71,2.5
"25",11024,25,38,"ORNL","ORNL_001","D07.R1598",2017,"ORNL.2017.33",2017-08-15,26,"Y","PEMA",1,1,24,1,0.29,0.71,2.5
"26",11024,26,38,"ORNL","ORNL_001","D07.R1598",2017,"ORNL.2017.33",2017-08-16,1,"Y","PELE",1,0,21,1,0.29,0.71,2.5
"27",11024,27,38,"ORNL","ORNL_001","D07.R1598",2017,"ORNL.2017.33",2017-08-17,1,"Y","PELE",1,0,21,1,0.29,0.71,2.5
"28",11024,28,38,"ORNL","ORNL_001","D07.R1598",2017,"ORNL.2017.42",2017-10-18,62,"Y","PELE",1,1,25,1,0.29,0.71,2.5
"29",11024,29,38,"ORNL","ORNL_001","D07.R1598",2017,"ORNL.2017.42",2017-10-19,1,"Y","PELE",1,0,25,1,0.29,0.71,2.5
"30",11024,30,38,"ORNL","ORNL_001","D07.R1598",2018,"ORNL.2018.15",2018-04-10,173,"Y","PEMA",1,0,23,1,0.29,0.71,2.5
"31",11024,31,38,"ORNL","ORNL_001","D07.R1598",2018,"ORNL.2018.15",2018-04-11,1,"Y","PEMA",1,0,21,1,0.29,0.71,2.5
"32",11024,32,38,"ORNL","ORNL_001","D07.R1598",2018,"ORNL.2018.15",2018-04-12,1,"Y","PEMA",1,0,20,1,0.29,0.71,2.5
"33",11024,33,38,"ORNL","ORNL_001","D07.R1598",2018,"ORNL.2018.19",2018-05-08,26,"Y","PEMA",1,1,23,1,0.29,0.71,2.5
"34",11024,34,38,"ORNL","ORNL_001","D07.R1598",2018,"ORNL.2018.19",2018-05-09,1,"Y","PEMA",1,1,17,1,0.29,0.71,2.5
"35",11024,35,38,"ORNL","ORNL_001","D07.R1598",2018,"ORNL.2018.19",2018-05-10,1,"Y","PEMA",1,0,23,1,0.29,0.71,2.5
"36",11024,36,38,"ORNL","ORNL_001","D07.R1598",2018,"ORNL.2018.24",2018-06-12,33,"Y","PEMA",1,1,18,1,0.29,0.71,2.5
"37",11024,37,38,"ORNL","ORNL_001","D07.R1598",2018,"ORNL.2018.24",2018-06-13,1,"Y","PEMA",1,1,18,1,0.29,0.71,2.5
"38",11024,38,38,"ORNL","ORNL_001","D07.R1598",2018,"ORNL.2018.24",2018-06-14,1,"Y","PEMA",1,1,14,1,0.29,0.71,2.5
"39",10793,1,27,"ORNL","ORNL_002","D07.R1192",2015,"ORNL.2015.20",2015-05-14,NA,"N","PELE",1,1,19,1,0.41,0.96,1.93
"40",10793,2,27,"ORNL","ORNL_002","D07.R1192",2015,"ORNL.2015.20",2015-05-15,1,"Y","PEMA",1,1,19,1,0.41,0.96,1.93
"41",10793,3,27,"ORNL","ORNL_002","D07.R1192",2015,"ORNL.2015.25",2015-06-17,33,"Y","PELE",1,1,19,1,0.41,0.96,1.93
"42",10793,4,27,"ORNL","ORNL_002","D07.R1192",2015,"ORNL.2015.25",2015-06-18,1,"Y","PELE",1,1,18,1,0.41,0.96,1.93
"43",10793,5,27,"ORNL","ORNL_002","D07.R1192",2015,"ORNL.2015.25",2015-06-19,1,"Y","PELE",1,1,17,1,0.41,0.96,1.93
"44",10793,6,27,"ORNL","ORNL_002","D07.R1192",2015,"ORNL.2015.30",2015-07-22,33,"Y","PELE",1,0,16,1,0.41,0.96,1.93
"45",10793,7,27,"ORNL","ORNL_002","D07.R1192",2015,"ORNL.2015.30",2015-07-23,1,"Y","PELE",1,0,18,1,0.41,0.96,1.93
"46",10793,8,27,"ORNL","ORNL_002","D07.R1192",2015,"ORNL.2015.30",2015-07-24,1,"Y","PELE",1,0,21,1,0.41,0.96,1.93
"47",10793,9,27,"ORNL","ORNL_002","D07.R1192",2015,"ORNL.2015.33",2015-08-12,19,"Y","PELE",1,0,20,1,0.41,0.96,1.93
"48",10793,10,27,"ORNL","ORNL_002","D07.R1192",2015,"ORNL.2015.33",2015-08-13,1,"Y","PELE",1,1,19,1,0.41,0.96,1.93
"49",10793,11,27,"ORNL","ORNL_002","D07.R1192",2015,"ORNL.2015.33",2015-08-14,1,"Y","PELE",1,0,20,1,0.41,0.96,1.93
"50",10793,12,27,"ORNL","ORNL_002","D07.R1192",2015,"ORNL.2015.37",2015-09-09,26,"Y","PELE",1,1,19,1,0.41,0.96,1.93
"51",10793,13,27,"ORNL","ORNL_002","D07.R1192",2015,"ORNL.2015.37",2015-09-10,1,"Y","PELE",1,1,23,1,0.41,0.96,1.93
"52",10793,14,27,"ORNL","ORNL_002","D07.R1192",2015,"ORNL.2015.37",2015-09-11,1,"Y","PELE",1,0,20,1,0.41,0.96,1.93
"53",10793,15,27,"ORNL","ORNL_002","D07.R1192",2016,"ORNL.2016.18",2016-05-04,236,"Y","PELE",1,0,20,1,0.41,0.96,1.93
"54",10793,16,27,"ORNL","ORNL_002","D07.R1192",2016,"ORNL.2016.18",2016-05-05,1,"Y","PELE",1,0,15,1,0.41,0.96,1.93
"55",10793,17,27,"ORNL","ORNL_002","D07.R1192",2016,"ORNL.2016.22",2016-06-01,27,"Y","PELE",1,0,18,1,0.41,0.96,1.93
"56",10793,18,27,"ORNL","ORNL_002","D07.R1192",2016,"ORNL.2016.22",2016-06-02,1,"Y","PELE",1,0,22,1,0.41,0.96,1.93
"57",10793,19,27,"ORNL","ORNL_002","D07.R1192",2016,"ORNL.2016.22",2016-06-03,1,"Y","PELE",1,0,18,1,0.41,0.96,1.93
"58",10793,20,27,"ORNL","ORNL_002","D07.R1192",2016,"ORNL.2016.27",2016-07-06,33,"Y","PELE",1,0,19,1,0.41,0.96,1.93
"59",10793,21,27,"ORNL","ORNL_002","D07.R1192",2016,"ORNL.2016.27",2016-07-07,1,"Y","PELE",1,0,20,1,0.41,0.96,1.93
"60",10793,22,27,"ORNL","ORNL_002","D07.R1192",2016,"ORNL.2016.30",2016-07-26,19,"Y","PELE",1,0,18,1,0.41,0.96,1.93
"61",10793,23,27,"ORNL","ORNL_002","D07.R1192",2016,"ORNL.2016.30",2016-07-27,1,"Y","PELE",1,0,21,1,0.41,0.96,1.93
"62",10793,24,27,"ORNL","ORNL_002","D07.R1192",2016,"ORNL.2016.30",2016-07-28,1,"Y","PELE",1,0,20,1,0.41,0.96,1.93
"63",10793,25,27,"ORNL","ORNL_002","D07.R1192",2016,"ORNL.2016.34",2016-08-23,26,"Y","PELE",1,1,23,1,0.41,0.96,1.93
"64",10793,26,27,"ORNL","ORNL_002","D07.R1192",2016,"ORNL.2016.34",2016-08-24,1,"Y","PELE",1,1,21,1,0.41,0.96,1.93
"65",10793,27,27,"ORNL","ORNL_002","D07.R1192",2016,"ORNL.2016.34",2016-08-25,1,"Y","PELE",1,1,22,1,0.41,0.96,1.93
"66",10834,1,27,"ORNL","ORNL_003","D07.R1257",2015,"ORNL.2015.25",2015-06-17,NA,"N","PELE",0,1,16,0,0.37,1,2.52
"67",10834,2,27,"ORNL","ORNL_003","D07.R1257",2015,"ORNL.2015.25",2015-06-18,1,"Y","PELE",0,1,16,0,0.37,1,2.52
"68",10834,3,27,"ORNL","ORNL_003","D07.R1257",2015,"ORNL.2015.25",2015-06-19,1,"Y","PELE",0,0,15,0,0.37,1,2.52
"69",10834,4,27,"ORNL","ORNL_003","D07.R1257",2015,"ORNL.2015.30",2015-07-22,33,"Y","PELE",0,1,17,0,0.37,1,2.52
"70",10834,5,27,"ORNL","ORNL_003","D07.R1257",2015,"ORNL.2015.30",2015-07-23,1,"Y","PELE",0,0,18,0,0.37,1,2.52
"71",10834,6,27,"ORNL","ORNL_003","D07.R1257",2015,"ORNL.2015.30",2015-07-24,1,"Y","PELE",0,0,14,0,0.37,1,2.52
"72",10834,7,27,"ORNL","ORNL_003","D07.R1257",2015,"ORNL.2015.33",2015-08-12,19,"Y","PELE",0,1,17,0,0.37,1,2.52
"73",10834,8,27,"ORNL","ORNL_003","D07.R1257",2015,"ORNL.2015.33",2015-08-13,1,"Y","PELE",0,0,16,0,0.37,1,2.52
"74",10834,9,27,"ORNL","ORNL_003","D07.R1257",2015,"ORNL.2015.33",2015-08-14,1,"Y","PELE",0,0,17,0,0.37,1,2.52
"75",10834,10,27,"ORNL","ORNL_003","D07.R1257",2015,"ORNL.2015.37",2015-09-10,27,"Y","PELE",0,1,20,0,0.37,1,2.52
"76",10834,11,27,"ORNL","ORNL_003","D07.R1257",2015,"ORNL.2015.37",2015-09-11,1,"Y","PELE",0,0,17,0,0.37,1,2.52
"77",10834,12,27,"ORNL","ORNL_003","D07.R1257",2016,"ORNL.2016.14",2016-04-07,209,"Y","PELE",0,1,18,0,0.37,1,2.52
"78",10834,13,27,"ORNL","ORNL_003","D07.R1257",2016,"ORNL.2016.14",2016-04-08,1,"Y","PELE",0,1,22,0,0.37,1,2.52
"79",10834,14,27,"ORNL","ORNL_003","D07.R1257",2016,"ORNL.2016.18",2016-05-04,26,"Y","PELE",0,1,22,0,0.37,1,2.52
"80",10834,15,27,"ORNL","ORNL_003","D07.R1257",2016,"ORNL.2016.18",2016-05-06,2,"Y","PELE",0,1,NA,0,0.37,1,2.52
"81",10834,16,27,"ORNL","ORNL_003","D07.R1257",2016,"ORNL.2016.22",2016-06-01,26,"Y","PELE",0,1,23,0,0.37,1,2.52
"82",10834,17,27,"ORNL","ORNL_003","D07.R1257",2016,"ORNL.2016.22",2016-06-02,1,"Y","PELE",0,0,21,0,0.37,1,2.52
"83",10834,18,27,"ORNL","ORNL_003","D07.R1257",2016,"ORNL.2016.22",2016-06-03,1,"Y","PELE",0,0,19,0,0.37,1,2.52
"84",10834,19,27,"ORNL","ORNL_003","D07.R1257",2016,"ORNL.2016.27",2016-07-06,33,"Y","PELE",0,0,23,0,0.37,1,2.52
"85",10834,20,27,"ORNL","ORNL_003","D07.R1257",2016,"ORNL.2016.27",2016-07-07,1,"Y","PELE",0,0,19,0,0.37,1,2.52
"86",10834,21,27,"ORNL","ORNL_003","D07.R1257",2016,"ORNL.2016.27",2016-07-08,1,"Y","PELE",0,0,20,0,0.37,1,2.52
"87",10834,22,27,"ORNL","ORNL_003","D07.R1257",2016,"ORNL.2016.30",2016-07-26,18,"Y","PELE",0,0,20,0,0.37,1,2.52
"88",10834,23,27,"ORNL","ORNL_003","D07.R1257",2016,"ORNL.2016.30",2016-07-27,1,"Y","PELE",0,0,18,0,0.37,1,2.52
"89",10834,24,27,"ORNL","ORNL_003","D07.R1257",2016,"ORNL.2016.30",2016-07-28,1,"Y","PELE",0,0,15,0,0.37,1,2.52
"90",10834,25,27,"ORNL","ORNL_003","D07.R1257",2016,"ORNL.2016.34",2016-08-23,26,"Y","PELE",0,0,20,0,0.37,1,2.52
"91",10834,26,27,"ORNL","ORNL_003","D07.R1257",2016,"ORNL.2016.34",2016-08-24,1,"Y","PELE",0,0,20,0,0.37,1,2.52
"92",10834,27,27,"ORNL","ORNL_003","D07.R1257",2016,"ORNL.2016.34",2016-08-25,1,"Y","PELE",0,0,20,0,0.37,1,2.52
"93",11127,1,27,"ORNL","ORNL_003","D07.R1800",2016,"ORNL.2016.34",2016-08-23,NA,"Y","PELE",1,0,22,1,0.37,0.96,1.94
"94",11127,2,27,"ORNL","ORNL_003","D07.R1800",2016,"ORNL.2016.34",2016-08-24,1,"Y","PELE",1,0,19,1,0.37,0.96,1.94
"95",11127,3,27,"ORNL","ORNL_003","D07.R1800",2016,"ORNL.2016.34",2016-08-25,1,"Y","PELE",1,1,22,1,0.37,0.96,1.94
"96",11127,4,27,"ORNL","ORNL_003","D07.R1800",2017,"ORNL.2017.17",2017-04-26,244,"Y","PELE",1,1,24,1,0.37,0.96,1.94
"97",11127,5,27,"ORNL","ORNL_003","D07.R1800",2017,"ORNL.2017.17",2017-04-28,2,"Y","PELE",1,1,25,1,0.37,0.96,1.94
"98",11127,6,27,"ORNL","ORNL_003","D07.R1800",2017,"ORNL.2017.21",2017-05-24,26,"Y","PELE",1,0,21,1,0.37,0.96,1.94
"99",11127,7,27,"ORNL","ORNL_003","D07.R1800",2017,"ORNL.2017.21",2017-05-25,1,"Y","PELE",1,0,18,1,0.37,0.96,1.94
"100",11127,8,27,"ORNL","ORNL_003","D07.R1800",2017,"ORNL.2017.21",2017-05-26,1,"Y","PELE",1,0,21,1,0.37,0.96,1.94
"101",11127,9,27,"ORNL","ORNL_003","D07.R1800",2017,"ORNL.2017.25",2017-06-21,26,"Y","PELE",1,0,22,1,0.37,0.96,1.94
"102",11127,10,27,"ORNL","ORNL_003","D07.R1800",2017,"ORNL.2017.25",2017-06-22,1,"Y","PELE",1,0,20,1,0.37,0.96,1.94
"103",11127,11,27,"ORNL","ORNL_003","D07.R1800",2017,"ORNL.2017.25",2017-06-23,1,"Y","PELE",1,0,17,1,0.37,0.96,1.94
"104",11127,12,27,"ORNL","ORNL_003","D07.R1800",2017,"ORNL.2017.29",2017-07-18,25,"Y","PELE",1,0,21,1,0.37,0.96,1.94
"105",11127,13,27,"ORNL","ORNL_003","D07.R1800",2017,"ORNL.2017.29",2017-07-19,1,"Y","PELE",1,0,22,1,0.37,0.96,1.94
"106",11127,14,27,"ORNL","ORNL_003","D07.R1800",2017,"ORNL.2017.33",2017-08-15,27,"Y","PEMA",1,0,22,1,0.37,0.96,1.94
"107",11127,15,27,"ORNL","ORNL_003","D07.R1800",2017,"ORNL.2017.33",2017-08-16,1,"Y","PELE",1,1,22,1,0.37,0.96,1.94
"108",11127,16,27,"ORNL","ORNL_003","D07.R1800",2018,"ORNL.2018.15",2018-04-10,237,"Y","PELE",1,0,21,1,0.37,0.96,1.94
"109",11127,17,27,"ORNL","ORNL_003","D07.R1800",2018,"ORNL.2018.15",2018-04-11,1,"Y","PELE",1,1,23,1,0.37,0.96,1.94
"110",11127,18,27,"ORNL","ORNL_003","D07.R1800",2018,"ORNL.2018.15",2018-04-12,1,"Y","PELE",1,1,21,1,0.37,0.96,1.94
"111",11127,19,27,"ORNL","ORNL_003","D07.R1800",2018,"ORNL.2018.19",2018-05-08,26,"Y","PELE",1,0,25,1,0.37,0.96,1.94
"112",11127,20,27,"ORNL","ORNL_003","D07.R1800",2018,"ORNL.2018.19",2018-05-09,1,"Y","PELE",1,0,22,1,0.37,0.96,1.94
"113",11127,21,27,"ORNL","ORNL_003","D07.R1800",2018,"ORNL.2018.19",2018-05-10,1,"Y","PELE",1,1,18,1,0.37,0.96,1.94
"114",11127,22,27,"ORNL","ORNL_003","D07.R1800",2018,"ORNL.2018.24",2018-06-12,33,"Y","PELE",1,0,22,1,0.37,0.96,1.94
"115",11127,23,27,"ORNL","ORNL_003","D07.R1800",2018,"ORNL.2018.24",2018-06-13,1,"Y","PELE",1,0,23,1,0.37,0.96,1.94
"116",11127,24,27,"ORNL","ORNL_003","D07.R1800",2018,"ORNL.2018.24",2018-06-14,1,"Y","PELE",1,0,23,1,0.37,0.96,1.94
"117",11127,25,27,"ORNL","ORNL_003","D07.R1800",2018,"ORNL.2018.28",2018-07-10,26,"Y","PELE",1,1,21,1,0.37,0.96,1.94
"118",11127,26,27,"ORNL","ORNL_003","D07.R1800",2018,"ORNL.2018.28",2018-07-11,1,"Y","PELE",1,1,20,1,0.37,0.96,1.94
"119",11127,27,27,"ORNL","ORNL_003","D07.R1800",2018,"ORNL.2018.28",2018-07-12,1,"Y","PELE",1,1,20,1,0.37,0.96,1.94
"120",11272,1,27,"ORNL","ORNL_001","D07.R2206",2018,"ORNL.2018.19",2018-05-08,NA,"N","PEMA",0,0,19,0.04,0.33,0.96,8.08
"121",11272,2,27,"ORNL","ORNL_001","D07.R2206",2018,"ORNL.2018.19",2018-05-10,2,"Y","PELE",0,0,18,0.04,0.33,0.96,8.08
"122",11272,3,27,"ORNL","ORNL_001","D07.R2206",2018,"ORNL.2018.24",2018-06-12,33,"Y","PELE",0,0,13,0.04,0.33,0.96,8.08
"123",11272,4,27,"ORNL","ORNL_001","D07.R2206",2018,"ORNL.2018.24",2018-06-13,1,"Y","PELE",0,0,13,0.04,0.33,0.96,8.08
"124",11272,5,27,"ORNL","ORNL_001","D07.R2206",2018,"ORNL.2018.24",2018-06-14,1,"Y","PELE",0,0,14,0.04,0.33,0.96,8.08
"125",11272,6,27,"ORNL","ORNL_001","D07.R2206",2018,"ORNL.2018.28",2018-07-10,26,"Y","PELE",0,0,21,0.04,0.33,0.96,8.08
"126",11272,7,27,"ORNL","ORNL_001","D07.R2206",2018,"ORNL.2018.28",2018-07-11,1,"Y","PELE",0,0,20,0.04,0.33,0.96,8.08
"127",11272,8,27,"ORNL","ORNL_001","D07.R2206",2018,"ORNL.2018.36",2018-09-06,57,"Y","PELE",0,0,20,0.04,0.33,0.96,8.08
"128",11272,9,27,"ORNL","ORNL_001","D07.R2206",2018,"ORNL.2018.36",2018-09-07,1,"Y","PELE",0,0,20,0.04,0.33,0.96,8.08
"129",11272,10,27,"ORNL","ORNL_001","D07.R2206",2018,"ORNL.2018.40",2018-10-02,25,"Y","PELE",0,0,28,0.04,0.33,0.96,8.08
"130",11272,11,27,"ORNL","ORNL_001","D07.R2206",2018,"ORNL.2018.40",2018-10-04,2,"Y","PELE",0,0,27,0.04,0.33,0.96,8.08
"131",11272,12,27,"ORNL","ORNL_001","D07.R2206",2019,"ORNL.2019.14",2019-04-03,181,"Y","PELE",0,1,27,0.04,0.33,0.96,8.08
"132",11272,13,27,"ORNL","ORNL_001","D07.R2206",2019,"ORNL.2019.14",2019-04-04,1,"Y","PELE",0,1,24,0.04,0.33,0.96,8.08
"133",11272,14,27,"ORNL","ORNL_001","D07.R2206",2019,"ORNL.2019.14",2019-04-05,1,"Y","PELE",0,1,26,0.04,0.33,0.96,8.08
"134",11272,15,27,"ORNL","ORNL_001","D07.R2206",2019,"ORNL.2019.18",2019-04-30,25,"Y","PELE",0,1,NA,0.04,0.33,0.96,8.08
"135",11272,16,27,"ORNL","ORNL_001","D07.R2206",2019,"ORNL.2019.18",2019-05-01,1,"Y","PELE",0,1,26,0.04,0.33,0.96,8.08
"136",11272,17,27,"ORNL","ORNL_001","D07.R2206",2019,"ORNL.2019.18",2019-05-02,1,"Y","PELE",1,0,23,0.04,0.33,0.96,8.08
"137",11272,18,27,"ORNL","ORNL_001","D07.R2206",2019,"ORNL.2019.31",2019-07-31,90,"Y","PELE",0,0,23,0.04,0.33,0.96,8.08
"138",11272,19,27,"ORNL","ORNL_001","D07.R2206",2019,"ORNL.2019.31",2019-08-01,1,"Y","PELE",0,0,22,0.04,0.33,0.96,8.08
"139",11272,20,27,"ORNL","ORNL_001","D07.R2206",2019,"ORNL.2019.31",2019-08-02,1,"Y","PELE",0,0,24,0.04,0.33,0.96,8.08
"140",11272,21,27,"ORNL","ORNL_001","D07.R2206",2019,"ORNL.2019.35",2019-08-28,26,"Y","PELE",0,0,25,0.04,0.33,0.96,8.08
"141",11272,22,27,"ORNL","ORNL_001","D07.R2206",2019,"ORNL.2019.39",2019-09-24,27,"Y","PELE",0,0,30,0.04,0.33,0.96,8.08
"142",11272,23,27,"ORNL","ORNL_001","D07.R2206",2019,"ORNL.2019.39",2019-09-25,1,"Y","PELE",0,0,27,0.04,0.33,0.96,8.08
"143",11272,24,27,"ORNL","ORNL_001","D07.R2206",2019,"ORNL.2019.39",2019-09-26,1,"Y","PELE",0,1,28,0.04,0.33,0.96,8.08
"144",11272,25,27,"ORNL","ORNL_001","D07.R2206",2019,"ORNL.2019.43",2019-10-22,26,"Y","PELE",0,1,43,0.04,0.33,0.96,8.08
"145",11272,26,27,"ORNL","ORNL_001","D07.R2206",2019,"ORNL.2019.43",2019-10-23,1,"Y","PELE",0,1,43,0.04,0.33,0.96,8.08
"146",11272,27,27,"ORNL","ORNL_001","D07.R2206",2019,"ORNL.2019.43",2019-10-24,1,"Y","PELE",0,1,43,0.04,0.33,0.96,8.08
"147",5803,1,26,"HARV","HARV_008","D01.R3640",2020,"HARV.2020.26",2020-06-23,NA,"N","PELEPEMA",1,1,16,1,0.54,0.27,3.09
"148",5803,2,26,"HARV","HARV_008","D01.R3640",2020,"HARV.2020.26",2020-06-24,1,"Y","PELE",1,0,16,1,0.54,0.27,3.09
"149",5803,3,26,"HARV","HARV_008","D01.R3640",2020,"HARV.2020.26",2020-06-25,1,"Y","PELEPEMA",1,1,14,1,0.54,0.27,3.09
"150",5803,4,26,"HARV","HARV_008","D01.R3640",2020,"HARV.2020.29",2020-07-14,19,"Y","PELE",1,1,16,1,0.54,0.27,3.09
"151",5803,5,26,"HARV","HARV_008","D01.R3640",2020,"HARV.2020.29",2020-07-15,1,"Y","PELEPEMA",1,0,18,1,0.54,0.27,3.09
"152",5803,6,26,"HARV","HARV_008","D01.R3640",2020,"HARV.2020.29",2020-07-16,1,"Y","PELEPEMA",1,1,17,1,0.54,0.27,3.09
"153",5803,7,26,"HARV","HARV_008","D01.R3640",2020,"HARV.2020.33",2020-08-11,26,"Y","PELE",1,1,18,1,0.54,0.27,3.09
"154",5803,8,26,"HARV","HARV_008","D01.R3640",2020,"HARV.2020.33",2020-08-12,1,"Y","PELEPEMA",1,1,17,1,0.54,0.27,3.09
"155",5803,9,26,"HARV","HARV_008","D01.R3640",2020,"HARV.2020.33",2020-08-13,1,"Y","PELE",1,0,18,1,0.54,0.27,3.09
"156",5803,10,26,"HARV","HARV_008","D01.R3640",2020,"HARV.2020.37",2020-09-13,31,"Y","PELEPEMA",1,0,20,1,0.54,0.27,3.09
"157",5803,11,26,"HARV","HARV_008","D01.R3640",2020,"HARV.2020.37",2020-09-14,1,"Y","PELE",1,1,19,1,0.54,0.27,3.09
"158",5803,12,26,"HARV","HARV_008","D01.R3640",2020,"HARV.2020.42",2020-10-15,31,"Y","PELE",1,1,22,1,0.54,0.27,3.09
"159",5803,13,26,"HARV","HARV_008","D01.R3640",2020,"HARV.2020.42",2020-10-16,1,"Y","PELE",1,1,NA,1,0.54,0.27,3.09
"160",5803,14,26,"HARV","HARV_008","D01.R3640",2021,"HARV.2021.19",2021-05-11,207,"Y","PELEPEMA",1,0,26,1,0.54,0.27,3.09
"161",5803,15,26,"HARV","HARV_008","D01.R3640",2021,"HARV.2021.24",2021-06-15,35,"Y","PELEPEMA",1,1,NA,1,0.54,0.27,3.09
"162",5803,16,26,"HARV","HARV_008","D01.R3640",2021,"HARV.2021.24",2021-06-16,1,"Y","PELEPEMA",1,0,NA,1,0.54,0.27,3.09
"163",5803,17,26,"HARV","HARV_008","D01.R3640",2021,"HARV.2021.27",2021-07-07,21,"Y","PELEPEMA",1,0,NA,1,0.54,0.27,3.09
"164",5803,18,26,"HARV","HARV_008","D01.R3640",2021,"HARV.2021.27",2021-07-08,1,"Y","PELEPEMA",1,1,NA,1,0.54,0.27,3.09
"165",5803,19,26,"HARV","HARV_008","D01.R3640",2021,"HARV.2021.30",2021-08-01,24,"Y","PELEPEMA",1,1,NA,1,0.54,0.27,3.09
"166",5803,20,26,"HARV","HARV_008","D01.R3640",2021,"HARV.2021.30",2021-08-02,1,"Y","PELEPEMA",1,1,NA,1,0.54,0.27,3.09
"167",5803,21,26,"HARV","HARV_008","D01.R3640",2021,"HARV.2021.30",2021-08-03,1,"Y","PELEPEMA",1,0,NA,1,0.54,0.27,3.09
"168",5803,22,26,"HARV","HARV_008","D01.R3640",2021,"HARV.2021.35",2021-08-30,27,"Y","PELEPEMA",1,0,NA,1,0.54,0.27,3.09
"169",5803,23,26,"HARV","HARV_008","D01.R3640",2021,"HARV.2021.35",2021-08-31,1,"Y","PELEPEMA",1,0,NA,1,0.54,0.27,3.09
"170",5803,24,26,"HARV","HARV_008","D01.R3640",2021,"HARV.2021.35",2021-09-01,1,"Y","PELEPEMA",1,1,NA,1,0.54,0.27,3.09
"171",5803,25,26,"HARV","HARV_008","D01.R3640",2021,"HARV.2021.39",2021-09-27,26,"Y","PELEPEMA",1,0,NA,1,0.54,0.27,3.09
"172",5803,26,26,"HARV","HARV_008","D01.R3640",2021,"HARV.2021.39",2021-09-28,1,"Y","PELEPEMA",1,0,NA,1,0.54,0.27,3.09
"173",6049,1,25,"HARV","HARV_023","D01.R4068",2020,"HARV.2020.26",2020-06-26,NA,"N","PELEPEMA",0,0,15,0,0.76,0.36,6.72
"174",6049,2,25,"HARV","HARV_023","D01.R4068",2020,"HARV.2020.26",2020-06-27,1,"Y","PELEPEMA",0,0,15,0,0.76,0.36,6.72
"175",6049,3,25,"HARV","HARV_023","D01.R4068",2020,"HARV.2020.29",2020-07-14,17,"Y","PELEPEMA",0,0,17,0,0.76,0.36,6.72
"176",6049,4,25,"HARV","HARV_023","D01.R4068",2020,"HARV.2020.29",2020-07-15,1,"Y","PEMA",0,0,17,0,0.76,0.36,6.72
"177",6049,5,25,"HARV","HARV_023","D01.R4068",2020,"HARV.2020.29",2020-07-16,1,"Y","PEMA",0,0,17,0,0.76,0.36,6.72
"178",6049,6,25,"HARV","HARV_023","D01.R4068",2020,"HARV.2020.33",2020-08-11,26,"Y","PELEPEMA",0,1,22,0,0.76,0.36,6.72
"179",6049,7,25,"HARV","HARV_023","D01.R4068",2020,"HARV.2020.33",2020-08-13,2,"Y","PELEPEMA",0,1,22,0,0.76,0.36,6.72
"180",6049,8,25,"HARV","HARV_023","D01.R4068",2020,"HARV.2020.37",2020-09-16,34,"Y","PELE",0,1,29,0,0.76,0.36,6.72
"181",6049,9,25,"HARV","HARV_023","D01.R4068",2020,"HARV.2020.42",2020-10-16,30,"Y","PELE",0,1,25,0,0.76,0.36,6.72
"182",6049,10,25,"HARV","HARV_023","D01.R4068",2021,"HARV.2021.24",2021-06-16,243,"Y","PELEPEMA",0,1,30,0,0.76,0.36,6.72
"183",6049,11,25,"HARV","HARV_023","D01.R4068",2021,"HARV.2021.24",2021-06-17,1,"Y","PELEPEMA",0,1,29,0,0.76,0.36,6.72
"184",6049,12,25,"HARV","HARV_023","D01.R4068",2021,"HARV.2021.24",2021-06-18,1,"Y","PELEPEMA",0,1,NA,0,0.76,0.36,6.72
"185",6049,13,25,"HARV","HARV_023","D01.R4068",2021,"HARV.2021.27",2021-07-06,18,"Y","PELE",0,1,NA,0,0.76,0.36,6.72
"186",6049,14,25,"HARV","HARV_023","D01.R4068",2021,"HARV.2021.27",2021-07-07,1,"Y","PELE",0,0,NA,0,0.76,0.36,6.72
"187",6049,15,25,"HARV","HARV_023","D01.R4068",2021,"HARV.2021.27",2021-07-08,1,"Y","PELE",0,1,NA,0,0.76,0.36,6.72
"188",6049,16,25,"HARV","HARV_023","D01.R4068",2021,"HARV.2021.30",2021-08-04,27,"Y","PEMA",0,1,NA,0,0.76,0.36,6.72
"189",6049,17,25,"HARV","HARV_023","D01.R4068",2021,"HARV.2021.30",2021-08-05,1,"Y","PELE",0,1,NA,0,0.76,0.36,6.72
"190",6049,18,25,"HARV","HARV_023","D01.R4068",2021,"HARV.2021.30",2021-08-06,1,"Y","PELEPEMA",0,1,NA,0,0.76,0.36,6.72
"191",6049,19,25,"HARV","HARV_023","D01.R4068",2021,"HARV.2021.35",2021-09-02,27,"Y","PEMA",0,1,35,0,0.76,0.36,6.72
"192",6049,20,25,"HARV","HARV_023","D01.R4068",2021,"HARV.2021.35",2021-09-04,2,"Y","PEMA",0,1,NA,0,0.76,0.36,6.72
"193",6049,21,25,"HARV","HARV_023","D01.R4068",2021,"HARV.2021.39",2021-10-02,28,"Y","PEMA",0,1,29,0,0.76,0.36,6.72
"194",6049,22,25,"HARV","HARV_023","D01.R4068",2022,"HARV.2022.17",2022-04-28,208,"Y","PELE",0,1,33,0,0.76,0.36,6.72
"195",6049,23,25,"HARV","HARV_023","D01.R4068",2022,"HARV.2022.25",2022-06-21,54,"Y","PELE",0,1,30,0,0.76,0.36,6.72
"196",6049,24,25,"HARV","HARV_023","D01.R4068",2022,"HARV.2022.25",2022-06-23,2,"Y","PELE",0,1,30,0,0.76,0.36,6.72
"197",6049,25,25,"HARV","HARV_023","D01.R4068",2022,"HARV.2022.30",2022-07-26,33,"Y","PELEPEMA",0,1,30,0,0.76,0.36,6.72
"198",10757,1,25,"ORNL","ORNL_003","D07.R1151",2015,"ORNL.2015.16",2015-04-17,NA,"N","PELE",1,1,25,1,0.12,0.84,2.82
"199",10757,2,25,"ORNL","ORNL_003","D07.R1151",2015,"ORNL.2015.20",2015-05-13,26,"Y","PEMA",1,0,22,1,0.12,0.84,2.82
"200",10757,3,25,"ORNL","ORNL_003","D07.R1151",2015,"ORNL.2015.20",2015-05-14,1,"Y","PEMA",1,0,21,1,0.12,0.84,2.82
"201",10757,4,25,"ORNL","ORNL_003","D07.R1151",2015,"ORNL.2015.20",2015-05-15,1,"Y","PELE",1,0,22,1,0.12,0.84,2.82
"202",10757,5,25,"ORNL","ORNL_003","D07.R1151",2015,"ORNL.2015.25",2015-06-17,33,"Y","PELE",1,0,21,1,0.12,0.84,2.82
"203",10757,6,25,"ORNL","ORNL_003","D07.R1151",2015,"ORNL.2015.25",2015-06-18,1,"Y","PELE",1,0,21,1,0.12,0.84,2.82
"204",10757,7,25,"ORNL","ORNL_003","D07.R1151",2015,"ORNL.2015.25",2015-06-19,1,"Y","PELE",1,0,23,1,0.12,0.84,2.82
"205",10757,8,25,"ORNL","ORNL_003","D07.R1151",2015,"ORNL.2015.30",2015-07-22,33,"Y","PELE",1,0,14,1,0.12,0.84,2.82
"206",10757,9,25,"ORNL","ORNL_003","D07.R1151",2015,"ORNL.2015.30",2015-07-23,1,"Y","PELE",1,0,25,1,0.12,0.84,2.82
"207",10757,10,25,"ORNL","ORNL_003","D07.R1151",2015,"ORNL.2015.30",2015-07-24,1,"Y","PELE",1,0,24,1,0.12,0.84,2.82
"208",10757,11,25,"ORNL","ORNL_003","D07.R1151",2015,"ORNL.2015.33",2015-08-12,19,"Y","PELE",1,0,23,1,0.12,0.84,2.82
"209",10757,12,25,"ORNL","ORNL_003","D07.R1151",2015,"ORNL.2015.33",2015-08-13,1,"Y","PELE",1,0,24,1,0.12,0.84,2.82
"210",10757,13,25,"ORNL","ORNL_003","D07.R1151",2015,"ORNL.2015.37",2015-09-09,27,"Y","PELE",1,0,25,1,0.12,0.84,2.82
"211",10757,14,25,"ORNL","ORNL_003","D07.R1151",2015,"ORNL.2015.37",2015-09-10,1,"Y","PELE",1,1,25,1,0.12,0.84,2.82
"212",10757,15,25,"ORNL","ORNL_003","D07.R1151",2015,"ORNL.2015.37",2015-09-11,1,"Y","PELE",1,1,26,1,0.12,0.84,2.82
"213",10757,16,25,"ORNL","ORNL_003","D07.R1151",2016,"ORNL.2016.14",2016-04-06,208,"Y","PELE",1,0,25,1,0.12,0.84,2.82
"214",10757,17,25,"ORNL","ORNL_003","D07.R1151",2016,"ORNL.2016.14",2016-04-07,1,"Y","PELE",1,0,25,1,0.12,0.84,2.82
"215",10757,18,25,"ORNL","ORNL_003","D07.R1151",2016,"ORNL.2016.14",2016-04-08,1,"Y","PELE",1,0,23,1,0.12,0.84,2.82
"216",10757,19,25,"ORNL","ORNL_003","D07.R1151",2016,"ORNL.2016.18",2016-05-04,26,"Y","PELE",1,0,24,1,0.12,0.84,2.82
"217",10757,20,25,"ORNL","ORNL_003","D07.R1151",2016,"ORNL.2016.22",2016-06-01,28,"Y","PEMA",1,0,25,1,0.12,0.84,2.82
"218",10757,21,25,"ORNL","ORNL_003","D07.R1151",2016,"ORNL.2016.22",2016-06-02,1,"Y","PEMA",1,0,23,1,0.12,0.84,2.82
"219",10757,22,25,"ORNL","ORNL_003","D07.R1151",2016,"ORNL.2016.27",2016-07-07,35,"Y","PELE",1,0,25,1,0.12,0.84,2.82
"220",10757,23,25,"ORNL","ORNL_003","D07.R1151",2016,"ORNL.2016.27",2016-07-08,1,"Y","PELE",1,0,28,1,0.12,0.84,2.82
"221",10757,24,25,"ORNL","ORNL_003","D07.R1151",2017,"ORNL.2017.21",2017-05-25,321,"Y","PELE",1,0,27,1,0.12,0.84,2.82
"222",10757,25,25,"ORNL","ORNL_003","D07.R1151",2017,"ORNL.2017.21",2017-05-26,1,"Y","PELE",1,0,28,1,0.12,0.84,2.82
"223",10825,1,24,"ORNL","ORNL_002","D07.R1248",2015,"ORNL.2015.25",2015-06-17,NA,"N","PELE",1,0,15,1,0.17,1,2.61
"224",10825,2,24,"ORNL","ORNL_002","D07.R1248",2015,"ORNL.2015.25",2015-06-18,1,"Y","PELE",1,0,17,1,0.17,1,2.61
"225",10825,3,24,"ORNL","ORNL_002","D07.R1248",2015,"ORNL.2015.25",2015-06-19,1,"Y","PELE",1,0,16,1,0.17,1,2.61
"226",10825,4,24,"ORNL","ORNL_002","D07.R1248",2015,"ORNL.2015.30",2015-07-22,33,"Y","PELE",1,0,17,1,0.17,1,2.61
"227",10825,5,24,"ORNL","ORNL_002","D07.R1248",2015,"ORNL.2015.30",2015-07-23,1,"Y","PELE",1,0,19,1,0.17,1,2.61
"228",10825,6,24,"ORNL","ORNL_002","D07.R1248",2015,"ORNL.2015.30",2015-07-24,1,"Y","PELE",1,0,17,1,0.17,1,2.61
"229",10825,7,24,"ORNL","ORNL_002","D07.R1248",2015,"ORNL.2015.33",2015-08-12,19,"Y","PELE",1,0,17,1,0.17,1,2.61
"230",10825,8,24,"ORNL","ORNL_002","D07.R1248",2015,"ORNL.2015.33",2015-08-13,1,"Y","PELE",1,0,15,1,0.17,1,2.61
"231",10825,9,24,"ORNL","ORNL_002","D07.R1248",2015,"ORNL.2015.33",2015-08-14,1,"Y","PELE",1,0,16,1,0.17,1,2.61
"232",10825,10,24,"ORNL","ORNL_002","D07.R1248",2015,"ORNL.2015.37",2015-09-09,26,"Y","PELE",1,1,18,1,0.17,1,2.61
"233",10825,11,24,"ORNL","ORNL_002","D07.R1248",2015,"ORNL.2015.37",2015-09-10,1,"Y","PELE",1,1,18,1,0.17,1,2.61
"234",10825,12,24,"ORNL","ORNL_002","D07.R1248",2015,"ORNL.2015.37",2015-09-11,1,"Y","PELE",1,1,19,1,0.17,1,2.61
"235",10825,13,24,"ORNL","ORNL_002","D07.R1248",2016,"ORNL.2016.14",2016-04-07,209,"Y","PELE",1,0,20,1,0.17,1,2.61
"236",10825,14,24,"ORNL","ORNL_002","D07.R1248",2016,"ORNL.2016.18",2016-05-04,27,"Y","PELE",1,1,21,1,0.17,1,2.61
"237",10825,15,24,"ORNL","ORNL_002","D07.R1248",2016,"ORNL.2016.18",2016-05-05,1,"Y","PELE",1,0,19,1,0.17,1,2.61
"238",10825,16,24,"ORNL","ORNL_002","D07.R1248",2016,"ORNL.2016.22",2016-06-01,27,"Y","PELE",1,0,20,1,0.17,1,2.61
"239",10825,17,24,"ORNL","ORNL_002","D07.R1248",2016,"ORNL.2016.22",2016-06-02,1,"Y","PELE",1,0,18,1,0.17,1,2.61
"240",10825,18,24,"ORNL","ORNL_002","D07.R1248",2016,"ORNL.2016.22",2016-06-03,1,"Y","PELE",1,0,16,1,0.17,1,2.61
"241",10825,19,24,"ORNL","ORNL_002","D07.R1248",2016,"ORNL.2016.27",2016-07-06,33,"Y","PELE",1,0,26,1,0.17,1,2.61
"242",10825,20,24,"ORNL","ORNL_002","D07.R1248",2016,"ORNL.2016.27",2016-07-07,1,"Y","PELE",1,0,22,1,0.17,1,2.61
"243",10825,21,24,"ORNL","ORNL_002","D07.R1248",2016,"ORNL.2016.27",2016-07-08,1,"Y","PELE",1,0,21,1,0.17,1,2.61
"244",10825,22,24,"ORNL","ORNL_002","D07.R1248",2016,"ORNL.2016.30",2016-07-26,18,"Y","PELE",1,0,22,1,0.17,1,2.61
"245",10825,23,24,"ORNL","ORNL_002","D07.R1248",2016,"ORNL.2016.30",2016-07-27,1,"Y","PELE",1,0,21,1,0.17,1,2.61
"246",10825,24,24,"ORNL","ORNL_002","D07.R1248",2016,"ORNL.2016.30",2016-07-28,1,"Y","PELE",1,0,19,1,0.17,1,2.61
"247",14200,1,22,"SCBI","SCBI_008","D02.R3216",2018,"SCBI.2018.32",2018-08-08,NA,"N","PELE",0,1,17,0,0.86,1,3.38
"248",14200,2,22,"SCBI","SCBI_008","D02.R3216",2018,"SCBI.2018.32",2018-08-09,1,"Y","PELE",0,1,19,0,0.86,1,3.38
"249",14200,3,22,"SCBI","SCBI_008","D02.R3216",2018,"SCBI.2018.36",2018-09-05,27,"Y","PELE",0,1,21,0,0.86,1,3.38
"250",14200,4,22,"SCBI","SCBI_008","D02.R3216",2018,"SCBI.2018.36",2018-09-06,1,"Y","PELE",0,1,22,0,0.86,1,3.38
"251",14200,5,22,"SCBI","SCBI_008","D02.R3216",2018,"SCBI.2018.36",2018-09-07,1,"Y","PELE",0,0,20,0,0.86,1,3.38
"252",14200,6,22,"SCBI","SCBI_008","D02.R3216",2018,"SCBI.2018.40",2018-10-02,25,"Y","PELE",0,1,21,0,0.86,1,3.38
"253",14200,7,22,"SCBI","SCBI_008","D02.R3216",2018,"SCBI.2018.40",2018-10-03,1,"Y","PELE",0,1,21,0,0.86,1,3.38
"254",14200,8,22,"SCBI","SCBI_008","D02.R3216",2018,"SCBI.2018.40",2018-10-04,1,"Y","PELE",0,1,17,0,0.86,1,3.38
"255",14200,9,22,"SCBI","SCBI_008","D02.R3216",2019,"SCBI.2019.18",2019-04-30,208,"Y","PELE",0,1,20,0,0.86,1,3.38
"256",14200,10,22,"SCBI","SCBI_008","D02.R3216",2019,"SCBI.2019.18",2019-05-01,1,"Y","PELE",0,1,21,0,0.86,1,3.38
"257",14200,11,22,"SCBI","SCBI_008","D02.R3216",2019,"SCBI.2019.18",2019-05-02,1,"Y","PELE",0,1,21,0,0.86,1,3.38
"258",14200,12,22,"SCBI","SCBI_008","D02.R3216",2019,"SCBI.2019.22",2019-05-29,27,"Y","PELE",0,1,23,0,0.86,1,3.38
"259",14200,13,22,"SCBI","SCBI_008","D02.R3216",2019,"SCBI.2019.22",2019-05-30,1,"Y","PELE",0,1,22,0,0.86,1,3.38
"260",14200,14,22,"SCBI","SCBI_008","D02.R3216",2019,"SCBI.2019.22",2019-05-31,1,"Y","PELE",0,1,25,0,0.86,1,3.38
"261",14200,15,22,"SCBI","SCBI_008","D02.R3216",2019,"SCBI.2019.26",2019-06-25,25,"Y","PELE",0,1,24,0,0.86,1,3.38
"262",14200,16,22,"SCBI","SCBI_008","D02.R3216",2019,"SCBI.2019.26",2019-06-26,1,"Y","PELE",0,1,22,0,0.86,1,3.38
"263",14200,17,22,"SCBI","SCBI_008","D02.R3216",2019,"SCBI.2019.34",2019-08-22,57,"Y","PELE",0,1,32,0,0.86,1,3.38
"264",14200,18,22,"SCBI","SCBI_008","D02.R3216",2019,"SCBI.2019.34",2019-08-23,1,"Y","PELE",0,1,26,0,0.86,1,3.38
"265",14200,19,22,"SCBI","SCBI_008","D02.R3216",2019,"SCBI.2019.39",2019-09-24,32,"Y","PELE",0,1,26,0,0.86,1,3.38
"266",14200,20,22,"SCBI","SCBI_008","D02.R3216",2019,"SCBI.2019.39",2019-09-25,1,"Y","PELE",0,1,25,0,0.86,1,3.38
"267",14200,21,22,"SCBI","SCBI_008","D02.R3216",2020,"SCBI.2020.12",2020-03-17,174,"Y","PELE",0,0,25,0,0.86,1,3.38
"268",14200,22,22,"SCBI","SCBI_008","D02.R3216",2020,"SCBI.2020.12",2020-03-18,1,"Y","PELE",0,0,25,0,0.86,1,3.38
